Path,Full URL,Type
/,https://kudozz.in/,Static Page
/about,https://kudozz.in/about,Static Page
/contact,https://kudozz.in/contact,Static Page
/for-brands,https://kudozz.in/for-brands,Static Page
/for-creators,https://kudozz.in/for-creators,Static Page
/services,https://kudozz.in/services,Static Page
/blog,https://kudozz.in/blog,Static Page
/privacy-policy,https://kudozz.in/privacy-policy,Static Page
/terms,https://kudozz.in/terms,Static Page
/services/ambassador-programs,https://kudozz.in/services/ambassador-programs,Service Page
/services/campaign-strategy,https://kudozz.in/services/campaign-strategy,Service Page
/services/creator-discovery,https://kudozz.in/services/creator-discovery,Service Page
/services/outreach-management,https://kudozz.in/services/outreach-management,Service Page
/services/product-launches,https://kudozz.in/services/product-launches,Service Page
/services/reporting,https://kudozz.in/services/reporting,Service Page
/services/social-campaigns,https://kudozz.in/services/social-campaigns,Service Page
/services/ugc-campaigns,https://kudozz.in/services/ugc-campaigns,Service Page
/blog/15-influencer-marketing-mistakes,https://kudozz.in/blog/15-influencer-marketing-mistakes,Blog Post
/blog/automotive-influencer-marketing-india,https://kudozz.in/blog/automotive-influencer-marketing-india,Blog Post
/blog/avoid-fake-influencers-india,https://kudozz.in/blog/avoid-fake-influencers-india,Blog Post
/blog/b2b-influencer-marketing-india,https://kudozz.in/blog/b2b-influencer-marketing-india,Blog Post
/blog/best-platform-for-influencer-marketing,https://kudozz.in/blog/best-platform-for-influencer-marketing,Blog Post
/blog/brand-ambassador-program,https://kudozz.in/blog/brand-ambassador-program,Blog Post
/blog/building-a-brand-ambassador-program-that-lasts,https://kudozz.in/blog/building-a-brand-ambassador-program-that-lasts,Blog Post
/blog/choose-influencer-marketing-agency-india,https://kudozz.in/blog/choose-influencer-marketing-agency-india,Blog Post
/blog/consumer-electronics-influencer-marketing-india,https://kudozz.in/blog/consumer-electronics-influencer-marketing-india,Blog Post
/blog/d2c-influencer-marketing-funnel-india,https://kudozz.in/blog/d2c-influencer-marketing-funnel-india,Blog Post
/blog/entertainment-influencer-marketing-india,https://kudozz.in/blog/entertainment-influencer-marketing-india,Blog Post
/blog/ev-influencer-marketing-india,https://kudozz.in/blog/ev-influencer-marketing-india,Blog Post
/blog/find-indian-influencers,https://kudozz.in/blog/find-indian-influencers,Blog Post
/blog/gaming-influencer-marketing-india,https://kudozz.in/blog/gaming-influencer-marketing-india,Blog Post
/blog/home-interior-influencer-marketing-india,https://kudozz.in/blog/home-interior-influencer-marketing-india,Blog Post
/blog/how-does-influencer-marketing-work,https://kudozz.in/blog/how-does-influencer-marketing-work,Blog Post
/blog/how-much-does-influencer-marketing-cost,https://kudozz.in/blog/how-much-does-influencer-marketing-cost,Blog Post
/blog/how-much-to-pay-influencers,https://kudozz.in/blog/how-much-to-pay-influencers,Blog Post
/blog/how-to-brief-influencers,https://kudozz.in/blog/how-to-brief-influencers,Blog Post
/blog/how-to-choose-an-influencer-marketing-agency,https://kudozz.in/blog/how-to-choose-an-influencer-marketing-agency,Blog Post
/blog/how-to-choose-the-right-influencer-for-your-brand,https://kudozz.in/blog/how-to-choose-the-right-influencer-for-your-brand,Blog Post
/blog/how-to-create-a-successful-influencer-marketing-campaign,https://kudozz.in/blog/how-to-create-a-successful-influencer-marketing-campaign,Blog Post
/blog/how-to-find-influencers-for-your-brand,https://kudozz.in/blog/how-to-find-influencers-for-your-brand,Blog Post
/blog/how-to-find-ugc-creators,https://kudozz.in/blog/how-to-find-ugc-creators,Blog Post
/blog/how-to-identify-fake-followers,https://kudozz.in/blog/how-to-identify-fake-followers,Blog Post
/blog/how-to-negotiate-with-influencers,https://kudozz.in/blog/how-to-negotiate-with-influencers,Blog Post
/blog/how-to-work-with-influencers,https://kudozz.in/blog/how-to-work-with-influencers,Blog Post
/blog/influencer-campaign-brief,https://kudozz.in/blog/influencer-campaign-brief,Blog Post
/blog/influencer-campaign-cost-india,https://kudozz.in/blog/influencer-campaign-cost-india,Blog Post
/blog/influencer-campaign-management,https://kudozz.in/blog/influencer-campaign-management,Blog Post
/blog/influencer-engagement-rate,https://kudozz.in/blog/influencer-engagement-rate,Blog Post
/blog/influencer-management-vs-influencer-marketing,https://kudozz.in/blog/influencer-management-vs-influencer-marketing,Blog Post
/blog/influencer-marketing-agency-vs-in-house,https://kudozz.in/blog/influencer-marketing-agency-vs-in-house,Blog Post
/blog/influencer-marketing-ahmedabad,https://kudozz.in/blog/influencer-marketing-ahmedabad,Blog Post
/blog/influencer-marketing-bangalore,https://kudozz.in/blog/influencer-marketing-bangalore,Blog Post
/blog/influencer-marketing-beauty-brands-india,https://kudozz.in/blog/influencer-marketing-beauty-brands-india,Blog Post
/blog/influencer-marketing-budget,https://kudozz.in/blog/influencer-marketing-budget,Blog Post
/blog/influencer-marketing-campaign-ideas,https://kudozz.in/blog/influencer-marketing-campaign-ideas,Blog Post
/blog/influencer-marketing-contract,https://kudozz.in/blog/influencer-marketing-contract,Blog Post
/blog/influencer-marketing-contract-india,https://kudozz.in/blog/influencer-marketing-contract-india,Blog Post
/blog/influencer-marketing-cost-india,https://kudozz.in/blog/influencer-marketing-cost-india,Blog Post
/blog/influencer-marketing-d2c-brands-india,https://kudozz.in/blog/influencer-marketing-d2c-brands-india,Blog Post
/blog/influencer-marketing-delhi,https://kudozz.in/blog/influencer-marketing-delhi,Blog Post
/blog/influencer-marketing-ecommerce-brands-india,https://kudozz.in/blog/influencer-marketing-ecommerce-brands-india,Blog Post
/blog/influencer-marketing-education-edtech-brands-india,https://kudozz.in/blog/influencer-marketing-education-edtech-brands-india,Blog Post
/blog/influencer-marketing-fashion-brands-india,https://kudozz.in/blog/influencer-marketing-fashion-brands-india,Blog Post
/blog/influencer-marketing-fintech-brands-india,https://kudozz.in/blog/influencer-marketing-fintech-brands-india,Blog Post
/blog/influencer-marketing-fitness-brands-india,https://kudozz.in/blog/influencer-marketing-fitness-brands-india,Blog Post
/blog/influencer-marketing-fmcg-brands-india,https://kudozz.in/blog/influencer-marketing-fmcg-brands-india,Blog Post
/blog/influencer-marketing-food-brands-india,https://kudozz.in/blog/influencer-marketing-food-brands-india,Blog Post
/blog/influencer-marketing-healthcare-brands-india,https://kudozz.in/blog/influencer-marketing-healthcare-brands-india,Blog Post
/blog/influencer-marketing-hospitality-brands-india,https://kudozz.in/blog/influencer-marketing-hospitality-brands-india,Blog Post
/blog/influencer-marketing-india,https://kudozz.in/blog/influencer-marketing-india,Blog Post
/blog/influencer-marketing-jewellery-brands-india,https://kudozz.in/blog/influencer-marketing-jewellery-brands-india,Blog Post
/blog/influencer-marketing-kpis,https://kudozz.in/blog/influencer-marketing-kpis,Blog Post
/blog/influencer-marketing-mistakes-india,https://kudozz.in/blog/influencer-marketing-mistakes-india,Blog Post
/blog/influencer-marketing-mumbai,https://kudozz.in/blog/influencer-marketing-mumbai,Blog Post
/blog/influencer-marketing-platforms,https://kudozz.in/blog/influencer-marketing-platforms,Blog Post
/blog/influencer-marketing-platforms-india,https://kudozz.in/blog/influencer-marketing-platforms-india,Blog Post
/blog/influencer-marketing-real-estate-brands-india,https://kudozz.in/blog/influencer-marketing-real-estate-brands-india,Blog Post
/blog/influencer-marketing-report,https://kudozz.in/blog/influencer-marketing-report,Blog Post
/blog/influencer-marketing-services-india,https://kudozz.in/blog/influencer-marketing-services-india,Blog Post
/blog/influencer-marketing-startups-india,https://kudozz.in/blog/influencer-marketing-startups-india,Blog Post
/blog/influencer-marketing-statistics,https://kudozz.in/blog/influencer-marketing-statistics,Blog Post
/blog/influencer-marketing-strategy,https://kudozz.in/blog/influencer-marketing-strategy,Blog Post
/blog/influencer-marketing-strategy-india,https://kudozz.in/blog/influencer-marketing-strategy-india,Blog Post
/blog/influencer-marketing-travel-brands-india,https://kudozz.in/blog/influencer-marketing-travel-brands-india,Blog Post
/blog/influencer-marketing-trends-2026,https://kudozz.in/blog/influencer-marketing-trends-2026,Blog Post
/blog/influencer-marketing-vs-traditional-advertising,https://kudozz.in/blog/influencer-marketing-vs-traditional-advertising,Blog Post
/blog/influencer-outreach-email,https://kudozz.in/blog/influencer-outreach-email,Blog Post
/blog/influencer-partnerships,https://kudozz.in/blog/influencer-partnerships,Blog Post
/blog/influencers-for-product-launch,https://kudozz.in/blog/influencers-for-product-launch,Blog Post
/blog/instagram-algorithm-changes-what-still-works,https://kudozz.in/blog/instagram-algorithm-changes-what-still-works,Blog Post
/blog/instagram-influencer-marketing,https://kudozz.in/blog/instagram-influencer-marketing,Blog Post
/blog/instagram-influencer-marketing-india,https://kudozz.in/blog/instagram-influencer-marketing-india,Blog Post
/blog/insurance-influencer-marketing-india,https://kudozz.in/blog/insurance-influencer-marketing-india,Blog Post
/blog/luxury-influencer-marketing-india,https://kudozz.in/blog/luxury-influencer-marketing-india,Blog Post
/blog/manufacturing-influencer-marketing-india,https://kudozz.in/blog/manufacturing-influencer-marketing-india,Blog Post
/blog/measure-influencer-marketing-roi-india,https://kudozz.in/blog/measure-influencer-marketing-roi-india,Blog Post
/blog/measuring-influencer-campaign-roi,https://kudozz.in/blog/measuring-influencer-campaign-roi,Blog Post
/blog/micro-influencers-india,https://kudozz.in/blog/micro-influencers-india,Blog Post
/blog/micro-vs-macro-influencers,https://kudozz.in/blog/micro-vs-macro-influencers,Blog Post
/blog/mobile-app-influencer-marketing-india,https://kudozz.in/blog/mobile-app-influencer-marketing-india,Blog Post
/blog/parenting-baby-influencer-marketing-india,https://kudozz.in/blog/parenting-baby-influencer-marketing-india,Blog Post
/blog/pet-influencer-marketing-india,https://kudozz.in/blog/pet-influencer-marketing-india,Blog Post
/blog/regional-influencer-marketing-india,https://kudozz.in/blog/regional-influencer-marketing-india,Blog Post
/blog/repurpose-influencer-content,https://kudozz.in/blog/repurpose-influencer-content,Blog Post
/blog/restaurant-cafe-influencer-marketing-india,https://kudozz.in/blog/restaurant-cafe-influencer-marketing-india,Blog Post
/blog/retail-influencer-marketing-india,https://kudozz.in/blog/retail-influencer-marketing-india,Blog Post
/blog/saas-influencer-marketing-india,https://kudozz.in/blog/saas-influencer-marketing-india,Blog Post
/blog/sports-influencer-marketing-india,https://kudozz.in/blog/sports-influencer-marketing-india,Blog Post
/blog/state-of-the-creator-economy-2026,https://kudozz.in/blog/state-of-the-creator-economy-2026,Blog Post
/blog/ugc-vs-influencer-content-whats-the-difference,https://kudozz.in/blog/ugc-vs-influencer-content-whats-the-difference,Blog Post
/blog/what-is-influencer-marketing,https://kudozz.in/blog/what-is-influencer-marketing,Blog Post
/blog/what-is-ugc-marketing,https://kudozz.in/blog/what-is-ugc-marketing,Blog Post
/blog/youtube-influencer-marketing-india,https://kudozz.in/blog/youtube-influencer-marketing-india,Blog Post
/sitemap.xml,https://kudozz.in/sitemap.xml,System
/robots.txt,https://kudozz.in/robots.txt,System
/llms.txt,https://kudozz.in/llms.txt,System
/manifest.webmanifest,https://kudozz.in/manifest.webmanifest,System
/opengraph-image,https://kudozz.in/opengraph-image,System
/icon.svg,https://kudozz.in/icon.svg,System
/apple-icon,https://kudozz.in/apple-icon,System
