Category,Line item,Quantity,Unit cost (INR),Total (INR),Notes
Creator fees,Nano creators,,,,Use quoted fees for your exact deliverables
Creator fees,Micro creators,,,,
Creator fees,Mid-tier creators,,,,
Creator fees,Macro creators,,,,
Usage rights,Paid usage / whitelisting,,,,Duration and platforms agreed in contract
Usage rights,Exclusivity,,,,
Production,Shoots and editing,,,,
Production,UGC beyond creator posts,,,,
Agency or management,Agency fee,,,,Percentage of creator fees or fixed fee
Paid amplification,Media spend behind creator content,,,,
Product and logistics,Seeding units,,,,
Product and logistics,Shipping and travel,,,,
Tracking,Links / codes / tools,,,,
Contingency,Replacements and extra rounds,,,,Often a percentage of the subtotal
Total,,,,,Amounts before GST
