n,slug,url,cluster,intent,primary,secondary,cann,internalOut,inbound,external,verified,schema,title,titleLen,meta,metaLen,image,alt,mid,bottom,related,index,reviewed,words,quality
"550","instagram-creator-monetization","https://www.kudozz.in/blog/instagram-creator-monetization","Instagram Creator Resources › Instagram for Creators","Informational/commercial: which Instagram income tools exist for Indian creators","Instagram monetization","Instagram monetization India; earn money on Instagram; Instagram creator tools; Instagram Gifts and Subscriptions","Low. creator-monetization-india is cross-platform; this is Instagram-only.","15","4","2","help.instagram.com","BlogPosting + BreadcrumbList + FAQPage (4)","Instagram Monetization for Indian Creators: Every Option","56","How Indian creators earn on Instagram in 2026: Gifts, Subscriptions, badges, branded content, Creator Marketplace and affiliate tools, with eligibility.","152","Section hero graphic + generated OG image","Hero is decorative (aria-hidden); OG alt set by route","before ""Commerce income: affiliate links and product tags""","Yes (BlogBottomCTA)","instagram-gifts, instagram-subscriptions, instagram-creator-marketplace","Indexable; SSG; in sitemap; canonical /blog/instagram-creator-monetization","September 2026","1405","Pass"
"551","instagram-gifts","https://www.kudozz.in/blog/instagram-gifts","Instagram Creator Resources › Instagram for Creators","Informational: how Gifts work and pay","Instagram Gifts","Instagram Stars; gifts on Reels; Instagram fan support; Instagram Gifts India","Low.","6","3","1","help.instagram.com","BlogPosting + BreadcrumbList + FAQPage (4)","Instagram Gifts for Creators: How They Work in India","52","How Instagram Gifts work for Indian creators: Stars, the US$0.01-per-Star payout, 500-follower eligibility, excluded posts and asking for support ethically.","156","Section hero graphic + generated OG image","Hero is decorative (aria-hidden); OG alt set by route","before ""Tracking what you earn""","Yes (BlogBottomCTA)","instagram-creator-monetization, instagram-subscriptions, instagram-content-strategy","Indexable; SSG; in sitemap; canonical /blog/instagram-gifts","September 2026","1071","Pass"
"552","instagram-subscriptions","https://www.kudozz.in/blog/instagram-subscriptions","Instagram Creator Resources › Instagram for Creators","Informational/how-to: launching paid subscriptions","Instagram Subscriptions","Instagram paid content; Instagram subscription India; subscriber-only content; Instagram creator subscriptions","Low–medium vs creator-memberships (cross-platform); differentiated and cross-linked.","5","4","2","help.instagram.com","BlogPosting + BreadcrumbList + FAQPage (4)","Instagram Subscriptions for Creators in India: Full Guide","57","Instagram Subscriptions for Indian creators: 10,000-follower eligibility, subscriber content, pricing, fees, payouts, launch plan and reducing churn.","149","Section hero graphic + generated OG image","Hero is decorative (aria-hidden); OG alt set by route","before ""Design the monthly promise""","Yes (BlogBottomCTA)","instagram-creator-monetization, creator-memberships, instagram-broadcast-channels","Indexable; SSG; in sitemap; canonical /blog/instagram-subscriptions","September 2026","1071","Pass"
"553","instagram-creator-marketplace","https://www.kudozz.in/blog/instagram-creator-marketplace","Instagram Creator Resources › Instagram for Creators","How-to: get discovered via Meta's Creator Marketplace","Instagram Creator Marketplace","Meta Creator Marketplace; get discovered by brands; Instagram brand deals; creator marketplace India","Low. Only brand-side mentions existed.","10","4","2","about.fb.com, help.instagram.com","BlogPosting + BreadcrumbList + FAQPage (4)","Instagram Creator Marketplace: A Guide for Indian Creators","58","Meta Creator Marketplace for Indian creators: eligibility, onboarding, building a searchable portfolio, responding to projects and pricing partnership ads.","155","Section hero graphic + generated OG image","Hero is decorative (aria-hidden); OG alt set by route","before ""Responding to a project""","Yes (BlogBottomCTA)","instagram-creator-portfolio, creator-brand-deals, instagram-creator-monetization","Indexable; SSG; in sitemap; canonical /blog/instagram-creator-marketplace","September 2026","963","Pass"
"554","instagram-creator-portfolio","https://www.kudozz.in/blog/instagram-creator-portfolio","Instagram Creator Resources › Instagram for Creators","How-to: make the Instagram profile brand-ready","Instagram creator portfolio","brand-ready Instagram profile; Instagram bio for creators; Instagram highlights for brands; influencer profile","Low–medium vs creator-portfolio (document) and instagram-seo-for-creators (search); angle is brand review.","8","6","0","n/a (no platform-specific claims)","BlogPosting + BreadcrumbList + FAQPage (4)","Instagram Creator Portfolio: Make Your Profile Brand-Ready","58","Make your Instagram profile brand-ready: bio, pinned posts, highlights for past collabs, contact options, Marketplace portfolio and a 60-second checklist.","154","Section hero graphic + generated OG image","Hero is decorative (aria-hidden); OG alt set by route","before ""The grid: consistency over perfection""","Yes (BlogBottomCTA)","creator-portfolio, instagram-creator-marketplace, creator-media-kit","Indexable; SSG; in sitemap; canonical /blog/instagram-creator-portfolio","September 2026","1050","Pass"
"555","instagram-broadcast-channels","https://www.kudozz.in/blog/instagram-broadcast-channels","Instagram Creator Resources › Instagram for Creators","How-to: use broadcast channels for direct relationships","Instagram broadcast channels","Instagram channels for creators; direct audience; Instagram community; broadcast channel ideas","Low.","7","4","1","help.instagram.com","BlogPosting + BreadcrumbList + FAQPage (4)","Instagram Broadcast Channels for Creators: How to Use Them","58","Instagram broadcast channels for creators: who can start one, what to post, growing members, disclosure for brand content and linking to owned channels.","152","Section hero graphic + generated OG image","Hero is decorative (aria-hidden); OG alt set by route","before ""Channels and brand partnerships""","Yes (BlogBottomCTA)","how-to-build-a-creator-community, instagram-subscriptions, creator-audience-ownership","Indexable; SSG; in sitemap; canonical /blog/instagram-broadcast-channels","September 2026","973","Pass"
"556","instagram-collab-posts-for-creators","https://www.kudozz.in/blog/instagram-collab-posts-for-creators","Instagram Creator Resources › Instagram for Creators","How-to (creator side): Collab posts","Instagram Collab posts","collab posts for creators; Instagram collaboration; co-author posts; grow with collabs","Medium vs brand-side instagram-collab-posts; different audience, cross-linked both ways.","9","3","1","help.instagram.com","BlogPosting + BreadcrumbList + FAQPage (4)","Instagram Collab Posts for Creators: Grow With Collabs","54","Instagram Collab posts from the creator's side: who owns the post, creator and brand collab formats, what to agree, disclosure and measuring follows.","149","Section hero graphic + generated OG image","Hero is decorative (aria-hidden); OG alt set by route","before ""What to agree before posting""","Yes (BlogBottomCTA)","how-to-find-creators-to-collaborate-with, creator-collaborations-with-other-influencers, instagram-content-strategy","Indexable; SSG; in sitemap; canonical /blog/instagram-collab-posts-for-creators","September 2026","972","Pass"
"557","instagram-trial-reels","https://www.kudozz.in/blog/instagram-trial-reels","Instagram Creator Resources › Instagram for Creators","How-to: test Reels with non-followers","Instagram Trial Reels","trial reels; test Reels; Reels experiments; Instagram testing","Low–medium vs reels-content-strategy/creator-ab-testing sections; this is the deep dive.","2","3","1","help.instagram.com","BlogPosting + BreadcrumbList + FAQPage (4)","Instagram Trial Reels: How to Test Reels Before Posting","55","Instagram Trial Reels explained: eligibility, how trials reach non-followers, reading insights, share to everyone or auto-share, and a weekly test routine.","155","Section hero graphic + generated OG image","Hero is decorative (aria-hidden); OG alt set by route","before ""What to test""","Yes (BlogBottomCTA)","instagram-reels-analytics, creator-ab-testing, reels-content-strategy","Indexable; SSG; in sitemap; canonical /blog/instagram-trial-reels","September 2026","942","Pass"
"558","instagram-reels-analytics","https://www.kudozz.in/blog/instagram-reels-analytics","Instagram Creator Resources › Instagram for Creators","How-to: measure Reels performance","Instagram Reels analytics","Reels insights; Reels metrics; average watch time Reels; Reels performance","Medium vs instagram-insights-for-creators and short-form-video-analytics; scoped to a Reels-only measurement system. Monitor in Search Console.","10","3","1","help.instagram.com","BlogPosting + BreadcrumbList + FAQPage (4)","Instagram Reels Analytics: Measure What Actually Works","54","Measure what works on Instagram Reels: views vs viewers, average watch time, retention, shares and follows per 1,000 views, series tracking and a review.","153","Section hero graphic + generated OG image","Hero is decorative (aria-hidden); OG alt set by route","before ""Growth: follows per 1,000 views""","Yes (BlogBottomCTA)","instagram-insights-for-creators, short-form-video-analytics, instagram-trial-reels","Indexable; SSG; in sitemap; canonical /blog/instagram-reels-analytics","September 2026","1015","Pass"
"559","instagram-content-strategy","https://www.kudozz.in/blog/instagram-content-strategy","Instagram Creator Resources › Instagram for Creators","Strategy: format system across Reels, carousels, Stories, Live, channels","Instagram content strategy","Instagram strategy for creators; Reels Stories carousels; Instagram Live strategy; Instagram posting plan","Low vs reels-content-strategy (Reels series only).","17","4","1","help.instagram.com","BlogPosting + BreadcrumbList + FAQPage (4)","Instagram Content Strategy for Creators: Every Format","53","An Instagram content system for creators: the job of Reels, carousels, Stories, Live and channels, a weekly mix, and what to measure for each format.","149","Section hero + OG + diagram (instagram-content-loop.svg)","Instagram content loop: Reels bring discovery, carousels earn saves, Stories build daily relationship, broadcast channels hold the inner circle, Live builds community, and a newsletter or product moves followers to an owned relationship","before ""Broadcast channels: the inner circle""","Yes (BlogBottomCTA)","reels-content-strategy, instagram-reels-analytics, instagram-creator-monetization","Indexable; SSG; in sitemap; canonical /blog/instagram-content-strategy","September 2026","1100","Pass"
"560","youtube-creator-partnerships-india","https://www.kudozz.in/blog/youtube-creator-partnerships-india","YouTube Creator Resources › YouTube for Creators","How-to: YouTube's Creator Partnerships tool (creator side)","YouTube Creator Partnerships","YouTube brand deals tool; YouTube Studio brand inquiries; YouTube media kit; YouTube India creators","Medium vs brand-side youtube-creator-partnerships (long-term relationships for brands); disambiguation paragraphs added both ways.","8","6","4","support.google.com, blog.youtube, ascionline.in","BlogPosting + BreadcrumbList + FAQPage (4)","YouTube Creator Partnerships in India: A Creator's Guide","56","YouTube Creator Partnerships for Indian creators: eligibility, the Earn tab in Studio, media kit, rates, inquiries, partner access, boosts and dynamic brand segments.","166","Section hero graphic + generated OG image","Hero is decorative (aria-hidden); OG alt set by route","before ""Price boosts and back-catalogue segments properly""","Yes (BlogBottomCTA)","youtube-brandconnect-vs-creator-partnerships, youtube-media-kit, youtube-brand-deals","Indexable; SSG; in sitemap; canonical /blog/youtube-creator-partnerships-india","September 2026","1017","Pass"
"561","youtube-media-kit","https://www.kudozz.in/blog/youtube-media-kit","YouTube Creator Resources › YouTube for Creators","How-to: YouTube-specific media kit","YouTube media kit","YouTuber media kit; YouTube sponsorship media kit; YouTube Analytics for brands; media kit template","Low vs creator-media-kit (general); cross-linked.","9","3","0","n/a (no platform-specific claims)","BlogPosting + BreadcrumbList + FAQPage (4)","YouTube Media Kit: What to Include (With Template)","50","Build a YouTube media kit brands trust: channel summary, YouTube Analytics audience data, average views, integration formats, sponsor results, rates and a template.","164","Section hero graphic + generated OG image","Hero is decorative (aria-hidden); OG alt set by route","before ""A YouTube media kit template""","Yes (BlogBottomCTA)","creator-media-kit, youtube-creator-partnerships-india, youtube-brand-deals","Indexable; SSG; in sitemap; canonical /blog/youtube-media-kit","September 2026","971","Pass"
"562","youtube-brand-deals","https://www.kudozz.in/blog/youtube-brand-deals","YouTube Creator Resources › YouTube for Creators","How-to: repeat/long-term YouTube sponsorships","YouTube brand deals","YouTube sponsorship; long-term YouTube sponsors; YouTube integration; YouTube series sponsorship","Low–medium vs youtube-sponsorships (brand+creator, deal types) and 594; scoped to renewal.","10","3","0","n/a (no platform-specific claims)","BlogPosting + BreadcrumbList + FAQPage (4)","YouTube Brand Deals: Turn One Video Into Long-Term Sponsors","59","How YouTube creators turn one sponsored video into long-term brand deals: integration choices, segments that perform, reporting, evergreen value and series proposals.","166","Section hero graphic + generated OG image","Hero is decorative (aria-hidden); OG alt set by route","before ""Sell the evergreen tail""","Yes (BlogBottomCTA)","youtube-media-kit, creator-brand-partnerships, youtube-creator-partnerships-india","Indexable; SSG; in sitemap; canonical /blog/youtube-brand-deals","September 2026","963","Pass"
"563","youtube-brandconnect-vs-creator-partnerships","https://www.kudozz.in/blog/youtube-brandconnect-vs-creator-partnerships","YouTube Creator Resources › YouTube for Creators","Informational/navigational: what happened to BrandConnect","YouTube BrandConnect","BrandConnect vs Creator Partnerships; YouTube Creator Partnerships; FameBit; YouTube brand deals platform","Low vs 560; captures legacy 'BrandConnect' queries.","2","3","3","blog.youtube, support.google.com","BlogPosting + BreadcrumbList + FAQPage (4)","YouTube BrandConnect vs Creator Partnerships Explained","54","What happened to YouTube BrandConnect: the history from FameBit to BrandConnect to YouTube Creator Partnerships, what changed for creators and how to read old advice.","166","Section hero graphic + generated OG image","Hero is decorative (aria-hidden); OG alt set by route","before ""What's different for creators""","Yes (BlogBottomCTA)","youtube-creator-partnerships-india, youtube-brand-deals, youtube-media-kit","Indexable; SSG; in sitemap; canonical /blog/youtube-brandconnect-vs-creator-partnerships","September 2026","654","Review: short"
"564","youtube-affiliate-marketing","https://www.kudozz.in/blog/youtube-affiliate-marketing","YouTube Creator Resources › YouTube for Creators","Strategy: YouTube affiliate income overall","YouTube affiliate marketing","YouTube affiliate links; YouTube Shopping affiliate; affiliate marketing India YouTube; product recommendations","Medium vs youtube-shopping-india-creators; split: programme/eligibility stays there, strategy here.","7","6","2","blog.youtube, support.google.com","BlogPosting + BreadcrumbList + FAQPage (4)","YouTube Affiliate Marketing for Creators: A Practical Guide","59","YouTube affiliate marketing for Indian creators: Shopping tags vs description links, programmes, formats that convert, link placement, disclosure and tracking.","159","Section hero graphic + generated OG image","Hero is decorative (aria-hidden); OG alt set by route","before ""Place links without clutter""","Yes (BlogBottomCTA)","youtube-product-tagging, youtube-shopping-india-creators, creator-affiliate-links","Indexable; SSG; in sitemap; canonical /blog/youtube-affiliate-marketing","September 2026","915","Pass"
"565","youtube-product-tagging","https://www.kudozz.in/blog/youtube-product-tagging","YouTube Creator Resources › YouTube for Creators","How-to: tagging practice","YouTube product tagging","tag products YouTube; YouTube Shopping tips; Shorts product sticker; YouTube Shopping timestamps","Medium vs youtube-shopping-india-creators (H1 mentions tagging). seoTitle of the older page changed to eligibility/retailers/commissions to separate intent.","4","4","1","support.google.com","BlogPosting + BreadcrumbList + FAQPage (4)","YouTube Product Tagging: Tips for Videos, Shorts and Live","57","YouTube product tagging tips: which products to tag, list order, timestamps, the Shorts sticker, live tagging, updating old videos and measuring tag clicks.","156","Section hero graphic + generated OG image","Hero is decorative (aria-hidden); OG alt set by route","before ""Shorts: the sticker is the call to action""","Yes (BlogBottomCTA)","youtube-affiliate-marketing, youtube-shopping-india-creators, shoppable-content-creators","Indexable; SSG; in sitemap; canonical /blog/youtube-product-tagging","September 2026","871","Pass"
"566","youtube-live-monetization","https://www.kudozz.in/blog/youtube-live-monetization","YouTube Creator Resources › YouTube for Creators","How-to: earning from live streams","YouTube live monetization","YouTube live streaming income; Super Chat; YouTube live Gifts; YouTube live shopping","Low–medium vs youtube-gifts-memberships-super-thanks (feature mechanics).","4","7","2","support.google.com","BlogPosting + BreadcrumbList + FAQPage (4)","YouTube Live Monetization: How Creators Earn From Streams","57","YouTube live monetization for Indian creators: live requirements, ads, Super Chat, Gifts, memberships, live shopping, sponsored segments and formats that earn.","159","Section hero graphic + generated OG image","Hero is decorative (aria-hidden); OG alt set by route","before ""Sponsored live segments""","Yes (BlogBottomCTA)","youtube-gifts-memberships-super-thanks, youtube-channel-membership-strategy, youtube-product-tagging","Indexable; SSG; in sitemap; canonical /blog/youtube-live-monetization","September 2026","875","Pass"
"567","youtube-channel-membership-strategy","https://www.kudozz.in/blog/youtube-channel-membership-strategy","YouTube Creator Resources › YouTube for Creators","Strategy: tiers, perks, retention","YouTube channel memberships","YouTube membership perks; YouTube membership tiers; members-only content; YouTube paid community","Medium vs creator-memberships and youtube-gifts-memberships-super-thanks; scoped to strategy.","4","4","1","support.google.com","BlogPosting + BreadcrumbList + FAQPage (4)","YouTube Channel Membership Strategy: Perks, Tiers, Retention","60","YouTube channel membership strategy: readiness, tier design, allowed perks, members-only content calendar, launch plan, retention and what to measure.","150","Section hero graphic + generated OG image","Hero is decorative (aria-hidden); OG alt set by route","before ""Launch""","Yes (BlogBottomCTA)","youtube-gifts-memberships-super-thanks, creator-memberships, youtube-live-monetization","Indexable; SSG; in sitemap; canonical /blog/youtube-channel-membership-strategy","September 2026","761","Pass"
"568","youtube-shorts-vs-long-form","https://www.kudozz.in/blog/youtube-shorts-vs-long-form","YouTube Creator Resources › YouTube for Creators","Comparison: Shorts vs long-form","YouTube Shorts vs long-form","Shorts or long videos; YouTube format strategy; Shorts to long-form; hybrid YouTube channel","Low–medium vs youtube-shorts-content-strategy (Shorts-first channels).","6","3","2","support.google.com, blog.youtube","BlogPosting + BreadcrumbList + FAQPage (4)","YouTube Shorts vs Long-Form Videos: How to Use Both","51","YouTube Shorts vs long-form compared: discovery, depth, views vs engaged views, monetization, brand value and analytics, with five ways to use both together.","157","Section hero graphic + generated OG image","Hero is decorative (aria-hidden); OG alt set by route","before ""Five ways to use both""","Yes (BlogBottomCTA)","youtube-shorts-content-strategy, youtube-content-strategy, short-form-video-analytics","Indexable; SSG; in sitemap; canonical /blog/youtube-shorts-vs-long-form","September 2026","660","Review: short"
"569","youtube-content-strategy","https://www.kudozz.in/blog/youtube-content-strategy","YouTube Creator Resources › YouTube for Creators","Strategy: channel as a business (YouTube hub pillar)","YouTube content strategy","YouTube channel strategy; grow a YouTube channel; YouTube business; YouTube content pillars","Low.","15","4","0","n/a (no platform-specific claims)","BlogPosting + BreadcrumbList + FAQPage (4)","YouTube Content Strategy: Build a Channel Into a Business","57","YouTube channel strategy for Indian creators: channel promise, content pillars, series, search vs browse, Shorts plus long-form, and linking content to income streams.","167","Section hero graphic + generated OG image","Hero is decorative (aria-hidden); OG alt set by route","before ""6. Map content to income""","Yes (BlogBottomCTA)","youtube-shorts-vs-long-form, youtube-creator-monetization, youtube-seo-for-creators","Indexable; SSG; in sitemap; canonical /blog/youtube-content-strategy","September 2026","1006","Pass"
"570","tiktok-creator-monetization","https://www.kudozz.in/blog/tiktok-creator-monetization","TikTok Creator Resources › TikTok for Creators","Informational: TikTok income routes + India status","TikTok monetization","TikTok for Indian creators; TikTok Creator Rewards; TikTok India ban; TikTok income","Low. Title kept per brief; body is explicit that TikTok is blocked in India.","11","3","1","newsonair.gov.in","BlogPosting + BreadcrumbList + FAQPage (4)","TikTok Monetization: What Indian Creators Need to Know","54","TikTok monetization for Indian creators abroad: India status, Creator Rewards, LIVE Gifts, subscriptions, TikTok Shop affiliate, brand deals and lessons for Reels.","163","Section hero graphic + generated OG image","Hero is decorative (aria-hidden); OG alt set by route","before ""What transfers to Reels and Shorts""","Yes (BlogBottomCTA)","tiktok-creator-rewards-program, tiktok-live, tiktok-vs-instagram-reels","Indexable; SSG; in sitemap; canonical /blog/tiktok-creator-monetization","September 2026","927","Pass"
"571","tiktok-creator-rewards-program","https://www.kudozz.in/blog/tiktok-creator-rewards-program","TikTok Creator Resources › TikTok for Creators","Informational: Creator Rewards eligibility and logic","TikTok Creator Rewards Program","Creator Rewards eligibility; TikTok Creativity Program; TikTok rewards; TikTok monetization","Low.","6","3","2","tiktok.com, newsroom.tiktok.com","BlogPosting + BreadcrumbList + FAQPage (4)","TikTok Creator Rewards Program: Eligibility and How It Pays","59","TikTok Creator Rewards Program explained: eligibility, countries, one-minute original videos, what TikTok says affects rewards, and content planning. India note included.","170","Section hero graphic + generated OG image","Hero is decorative (aria-hidden); OG alt set by route","before ""Search value in practice""","Yes (BlogBottomCTA)","tiktok-creator-monetization, tiktok-content-strategy, tiktok-analytics","Indexable; SSG; in sitemap; canonical /blog/tiktok-creator-rewards-program","September 2026","711","Pass"
"572","tiktok-profile-optimization","https://www.kudozz.in/blog/tiktok-profile-optimization","TikTok Creator Resources › TikTok for Creators","How-to: TikTok profile","TikTok profile optimization","TikTok bio; searchable TikTok profile; TikTok pinned videos; TikTok creator profile","Low.","4","2","0","n/a (no platform-specific claims)","BlogPosting + BreadcrumbList + FAQPage (3)","TikTok Profile Optimization: A Searchable Creator Profile","57","TikTok profile optimization for creators: searchable name and username, bio, pinned videos, playlists, links and contact options for brands. India availability note.","165","Section hero graphic + generated OG image","Hero is decorative (aria-hidden); OG alt set by route","before ""Playlists and series""","Yes (BlogBottomCTA)","tiktok-seo, tiktok-content-strategy, instagram-creator-portfolio","Indexable; SSG; in sitemap; canonical /blog/tiktok-profile-optimization","September 2026","626","Review: short"
"573","tiktok-content-strategy","https://www.kudozz.in/blog/tiktok-content-strategy","TikTok Creator Resources › TikTok for Creators","Strategy: TikTok content system","TikTok content strategy","TikTok growth; TikTok series; TikTok posting plan; TikTok content pillars","Low vs short-form-video-strategy (cross-platform).","12","3","0","n/a (no platform-specific claims)","BlogPosting + BreadcrumbList + FAQPage (3)","TikTok Content Strategy: A Consistent Creator Growth System","59","TikTok content strategy for creators: pillars, series, For You vs search videos, sustainable rhythm, testing and weekly review, with notes for Indian creators abroad.","166","Section hero graphic + generated OG image","Hero is decorative (aria-hidden); OG alt set by route","before ""Test one thing at a time""","Yes (BlogBottomCTA)","tiktok-analytics, tiktok-seo, short-form-video-strategy","Indexable; SSG; in sitemap; canonical /blog/tiktok-content-strategy","September 2026","705","Pass"
"574","tiktok-seo","https://www.kudozz.in/blog/tiktok-seo","Creator SEO › Instagram & TikTok Search","(Consolidated) TikTok video SEO merged into existing tiktok-seo","TikTok SEO","TikTok video SEO; TikTok search; Creator Search Insights; TikTok India","Resolved: no new URL. tiktok-seo expanded with video-level checklist, search vs For You, measurement; updatedAt set.","9","6","1","support.tiktok.com","BlogPosting + BreadcrumbList + FAQPage (5)","TikTok SEO and Creator Search Insights: A Creator's Guide","57","TikTok SEO guide: optimising videos for TikTok search with speech, on-screen text, captions and covers, Creator Search Insights, measuring search traffic, and notes for Indian creators.","185","Section hero graphic + generated OG image","Hero is decorative (aria-hidden); OG alt set by route","before ""Creator Search Insights""","Yes (BlogBottomCTA)","tiktok-content-gaps, tiktok-profile-optimization, social-search-for-creators","Indexable; SSG; in sitemap; canonical /blog/tiktok-seo","September 2026","1022","Pass"
"575","tiktok-content-gaps","https://www.kudozz.in/blog/tiktok-content-gaps","TikTok Creator Resources › TikTok for Creators","How-to: Content Gap workflow in Creator Search Insights","TikTok content gaps","Creator Search Insights; TikTok content gap filter; TikTok topic research; TikTok search demand","Medium vs tiktok-seo section and how-to-find-content-gaps; tiktok-seo tag 'TikTok content gap' moved here.","5","4","1","support.tiktok.com","BlogPosting + BreadcrumbList + FAQPage (3)","TikTok Content Gaps: Find Topics People Search For","50","How to use TikTok's Content Gap view in Creator Search Insights: find under-served searches, score fit, make the best answer and measure search traffic.","152","Section hero graphic + generated OG image","Hero is decorative (aria-hidden); OG alt set by route","before ""Make the best answer""","Yes (BlogBottomCTA)","tiktok-seo, how-to-find-content-gaps, tiktok-content-strategy","Indexable; SSG; in sitemap; canonical /blog/tiktok-content-gaps","September 2026","683","Review: short"
"576","tiktok-live","https://www.kudozz.in/blog/tiktok-live","TikTok Creator Resources › TikTok for Creators","How-to: TikTok LIVE","TikTok LIVE","TikTok LIVE Gifts; TikTok Diamonds; TikTok LIVE monetization; TikTok LIVE subscription","Low.","4","3","1","support.tiktok.com","BlogPosting + BreadcrumbList + FAQPage (3)","TikTok LIVE for Creators: Build and Monetize Live Audiences","59","TikTok LIVE guide: access and age rules, Gifts and Diamonds, LIVE subscriptions, formats, moderation, safety and sponsored LIVE disclosure. India availability note.","164","Section hero graphic + generated OG image","Hero is decorative (aria-hidden); OG alt set by route","before ""Moderation and safety""","Yes (BlogBottomCTA)","tiktok-creator-monetization, youtube-live-monetization, tiktok-content-strategy","Indexable; SSG; in sitemap; canonical /blog/tiktok-live","September 2026","630","Review: short"
"577","tiktok-affiliate-marketing","https://www.kudozz.in/blog/tiktok-affiliate-marketing","TikTok Creator Resources › TikTok for Creators","How-to: TikTok Shop affiliate","TikTok affiliate marketing","TikTok Shop affiliate; TikTok showcase; TikTok product recommendations; TikTok commissions","Low.","4","2","1","seller-us.tiktok.com","BlogPosting + BreadcrumbList + FAQPage (3)","TikTok Affiliate Marketing: How TikTok Shop Affiliate Works","59","TikTok Shop affiliate for creators: markets, eligibility basics, choosing products, showcase, shoppable video and LIVE formats, disclosure, and Indian alternatives.","164","Section hero graphic + generated OG image","Hero is decorative (aria-hidden); OG alt set by route","before ""Formats that sell honestly""","Yes (BlogBottomCTA)","tiktok-creator-monetization, creator-product-recommendations, youtube-affiliate-marketing","Indexable; SSG; in sitemap; canonical /blog/tiktok-affiliate-marketing","September 2026","561","Review: short"
"578","tiktok-analytics","https://www.kudozz.in/blog/tiktok-analytics","TikTok Creator Resources › TikTok for Creators","How-to: TikTok metrics","TikTok analytics","TikTok metrics; TikTok Studio analytics; TikTok watch time; TikTok traffic sources","Low.","5","4","0","n/a (no platform-specific claims)","BlogPosting + BreadcrumbList + FAQPage (3)","TikTok Analytics: Metrics Every Creator Should Track","52","TikTok analytics for creators: views, watch time, completion, traffic sources and search, followers gained, audience location and a weekly review routine.","154","Section hero graphic + generated OG image","Hero is decorative (aria-hidden); OG alt set by route","before ""Audience location""","Yes (BlogBottomCTA)","tiktok-content-strategy, short-form-video-analytics, tiktok-creator-rewards-program","Indexable; SSG; in sitemap; canonical /blog/tiktok-analytics","September 2026","570","Review: short"
"579","tiktok-vs-instagram-reels","https://www.kudozz.in/blog/tiktok-vs-instagram-reels","TikTok Creator Resources › TikTok for Creators","Comparison/how-to: adapting content across both","TikTok vs Instagram Reels","cross-posting TikTok to Reels; adapt content for Reels; short-form cross-platform; TikTok and Reels differences","Low.","5","3","1","creators.instagram.com","BlogPosting + BreadcrumbList + FAQPage (3)","TikTok vs Instagram Reels: How to Adapt Content for Both","56","TikTok vs Reels for creators: differences in discovery, search, audio, originality and monetization, and a checklist for adapting videos between them, with an India note.","170","Section hero graphic + generated OG image","Hero is decorative (aria-hidden); OG alt set by route","before ""Adapt the idea, not just the file""","Yes (BlogBottomCTA)","tiktok-content-strategy, reels-content-strategy, content-repurposing-for-creators","Indexable; SSG; in sitemap; canonical /blog/tiktok-vs-instagram-reels","September 2026","623","Review: short"
"580","creator-affiliate-links","https://www.kudozz.in/blog/creator-affiliate-links","Creator Commerce › Recommendations & Shopping Content","How-to: link placement and clicks without spam","creator affiliate links","affiliate link clicks; affiliate link placement; link in bio affiliate; affiliate disclosure","Low vs creator-affiliate-marketing-india (programmes).","6","4","0","n/a (no platform-specific claims)","BlogPosting + BreadcrumbList + FAQPage (3)","Creator Affiliate Links: More Clicks Without Spamming","53","How creators get more affiliate link clicks without spamming: placement by platform, labels, fewer better links, link hubs, dead-link checks, disclosure and tracking.","166","Section hero graphic + generated OG image","Hero is decorative (aria-hidden); OG alt set by route","before ""Maintain links in evergreen content""","Yes (BlogBottomCTA)","creator-affiliate-marketing-india, creator-product-recommendations, creator-storefront","Indexable; SSG; in sitemap; canonical /blog/creator-affiliate-links","September 2026","660","Review: short"
"581","creator-product-recommendations","https://www.kudozz.in/blog/creator-product-recommendations","Creator Commerce › Recommendations & Shopping Content","Framework: trust-first recommending (section pillar)","creator product recommendations","recommend products honestly; audience trust; affiliate disclosure; influencer recommendations","Low.","4","8","2","ascionline.in, pib.gov.in","BlogPosting + BreadcrumbList + FAQPage (4)","How Creators Recommend Products Without Losing Trust","52","A trust-first framework for creator product recommendations: product knowledge, audience fit, honest limitations, disclosure and personal recommendation standards.","163","Section hero graphic + generated OG image","Hero is decorative (aria-hidden); OG alt set by route","before ""Publish your recommendation standards""","Yes (BlogBottomCTA)","creator-affiliate-links, creator-product-reviews, creator-disclosure-guide","Indexable; SSG; in sitemap; canonical /blog/creator-product-recommendations","September 2026","950","Pass"
"582","shoppable-content-creators","https://www.kudozz.in/blog/shoppable-content-creators","Creator Commerce › Recommendations & Shopping Content","How-to: shopping content formats","creator shopping content","shoppable content; haul videos; product discovery content; social commerce creators","Low vs creator-commerce-india (business models).","7","4","0","n/a (no platform-specific claims)","BlogPosting + BreadcrumbList + FAQPage (3)","Creator Shopping Content: Formats That Turn Discovery Into Sales","64","Shopping content formats for creators: hauls, routines, comparisons, budget lists, setups and seasonal edits, made useful and connected to tags, links and storefronts.","167","Section hero graphic + generated OG image","Hero is decorative (aria-hidden); OG alt set by route","before ""Seasonal planning for Indian audiences""","Yes (BlogBottomCTA)","creator-product-recommendations, creator-gift-guides, creator-commerce-india","Indexable; SSG; in sitemap; canonical /blog/shoppable-content-creators","September 2026","678","Review: short"
"583","creator-product-reviews","https://www.kudozz.in/blog/creator-product-reviews","Creator Commerce › Recommendations & Shopping Content","How-to: authentic sponsored reviews (creator side)","sponsored product reviews","authentic reviews; creator reviews; paid review disclosure; honest influencer review","Low vs brand-side youtube-product-reviews.","6","3","1","pib.gov.in","BlogPosting + BreadcrumbList + FAQPage (3)","How to Review Sponsored Products Authentically as a Creator","59","How creators review sponsored products authentically: terms to agree, testing time, an honest review structure, handling negatives, disclosure and claims to avoid.","163","Section hero graphic + generated OG image","Hero is decorative (aria-hidden); OG alt set by route","before ""When you don't like the product""","Yes (BlogBottomCTA)","creator-product-recommendations, shoppable-content-creators, youtube-product-reviews","Indexable; SSG; in sitemap; canonical /blog/creator-product-reviews","September 2026","697","Review: short"
"584","creator-gift-guides","https://www.kudozz.in/blog/creator-gift-guides","Creator Commerce › Recommendations & Shopping Content","How-to: gift guides","creator gift guide","gift guide ideas; Diwali gift guide; affiliate gift guide; monetize gift guides","Low.","4","2","0","n/a (no platform-specific claims)","BlogPosting + BreadcrumbList + FAQPage (3)","Creator Gift Guides: Build Recommendation Content That Earns","60","How creators build gift guides people use: angles, price bands, curation, formats by platform, Indian gifting occasions, affiliate and sponsor slots, and disclosure.","165","Section hero graphic + generated OG image","Hero is decorative (aria-hidden); OG alt set by route","before ""Monetization""","Yes (BlogBottomCTA)","shoppable-content-creators, creator-product-recommendations, creator-affiliate-links","Indexable; SSG; in sitemap; canonical /blog/creator-gift-guides","September 2026","626","Review: short"
"585","creator-landing-pages","https://www.kudozz.in/blog/creator-landing-pages","Creator Commerce › Funnels & Audience Ownership","How-to: single-purpose landing pages","creator landing page","landing page for creators; convert social traffic; email sign-up page; creator sales page","Low–medium vs link-in-bio-for-creators (multi-link hub).","6","4","0","n/a (no platform-specific claims)","BlogPosting + BreadcrumbList + FAQPage (3)","Creator Landing Pages: Turn Social Traffic Into Sign-Ups","56","How creators build landing pages that convert social traffic: one goal, message match, page structure, mobile and UPI checkout, trust, consent and tracking.","156","Section hero graphic + generated OG image","Hero is decorative (aria-hidden); OG alt set by route","before ""Trust and honesty""","Yes (BlogBottomCTA)","creator-lead-magnets, link-in-bio-for-creators, creator-funnel","Indexable; SSG; in sitemap; canonical /blog/creator-landing-pages","September 2026","694","Review: short"
"586","creator-lead-magnets","https://www.kudozz.in/blog/creator-lead-magnets","Creator Commerce › Funnels & Audience Ownership","List/how-to: 20 lead magnet ideas","creator lead magnets","lead magnet ideas; grow email list; free download for followers; email sign-up incentive","Low vs creator-newsletter-india step 4.","4","5","0","n/a (no platform-specific claims)","BlogPosting + BreadcrumbList + FAQPage (3)","Creator Lead Magnets: 20 Ideas to Grow Your Email List","54","Twenty lead magnet ideas for creators, what makes one worth an email address, building one in a weekend, promotion, consent and a welcome sequence.","147","Section hero graphic + generated OG image","Hero is decorative (aria-hidden); OG alt set by route","before ""Consent and follow-up""","Yes (BlogBottomCTA)","creator-landing-pages, creator-newsletter-india, creator-audience-ownership","Indexable; SSG; in sitemap; canonical /blog/creator-lead-magnets","September 2026","777","Pass"
"587","creator-funnel","https://www.kudozz.in/blog/creator-funnel","Creator Commerce › Funnels & Audience Ownership","Framework: funnel stages (section pillar)","creator funnel","social media funnel; followers to customers; creator marketing funnel; creator sales funnel","Medium vs 589; split: system (587) vs audience experience (589).","11","4","0","n/a (no platform-specific claims)","BlogPosting + BreadcrumbList + FAQPage (3)","Creator Funnel: How to Turn Social Followers Into Customers","59","The creator funnel explained: discovery, trust, owned audience, offer and retention stages, assets and metrics for each, and a worked example for an Indian creator.","164","Section hero + OG + diagram (creator-funnel.svg)","Creator funnel: discovery content reaches new people, trust content deepens attention, a lead magnet moves people to an owned audience, an offer turns them into customers, and retention brings them back","before ""Offer: sell what solves the problem""","Yes (BlogBottomCTA)","creator-customer-journey, creator-audience-ownership, creator-landing-pages","Indexable; SSG; in sitemap; canonical /blog/creator-funnel","September 2026","835","Pass"
"588","creator-audience-ownership","https://www.kudozz.in/blog/creator-audience-ownership","Creator Commerce › Funnels & Audience Ownership","Informational: why owned channels matter","creator audience ownership","owned audience; platform risk; email list creators; own your audience","Low.","6","7","0","n/a (no platform-specific claims)","BlogPosting + BreadcrumbList + FAQPage (3)","Creator Audience Ownership: Why Email and Websites Matter","57","Why creator audience ownership matters: platform risk, reach you don't control, email vs community vs website, what ""owned"" means and a 90-day plan to start.","157","Section hero graphic + generated OG image","Hero is decorative (aria-hidden); OG alt set by route","before ""A 90-day starter plan""","Yes (BlogBottomCTA)","creator-funnel, creator-newsletter-india, whatsapp-community-for-creators","Indexable; SSG; in sitemap; canonical /blog/creator-audience-ownership","September 2026","634","Review: short"
"589","creator-customer-journey","https://www.kudozz.in/blog/creator-customer-journey","Creator Commerce › Funnels & Audience Ownership","Framework: audience-side journey mapping","creator customer journey","audience journey; first view to purchase; creator conversion; journey mapping","Medium vs 587 (see above).","4","3","0","n/a (no platform-specific claims)","BlogPosting + BreadcrumbList + FAQPage (3)","Creator-to-Customer Journey: From First View to Purchase","56","Map your creator-to-customer journey from the audience's side: questions and friction at each step from first view to purchase and repurchase, with a template.","159","Section hero + OG + diagram (creator-customer-journey.svg)","Creator-to-customer journey: first view, follow, repeat engagement, trust, sign-up, consideration, purchase, onboarding, repurchase or referral","before ""Remove friction without pressure""","Yes (BlogBottomCTA)","creator-funnel, creator-landing-pages, creator-product-recommendations","Indexable; SSG; in sitemap; canonical /blog/creator-customer-journey","September 2026","638","Review: short"
"590","creator-business-model","https://www.kudozz.in/blog/creator-business-model","Creator Business › Business Model & Strategy","Strategy: choosing a revenue model (section pillar)","creator business model","creator revenue model; how creators make money; creator business strategy; monetization model","Low vs creator-business-plan (the written plan).","10","4","0","n/a (no platform-specific claims)","BlogPosting + BreadcrumbList + FAQPage (3)","Creator Business Model: Choose the Right Revenue Model","54","Choose a creator business model that fits your audience: six models, audience intent, skills and capacity, simple unit economics and how models combine as you grow.","164","Section hero graphic + generated OG image","Hero is decorative (aria-hidden); OG alt set by route","before ""Simple unit economics""","Yes (BlogBottomCTA)","creator-revenue-diversification, creator-pricing-strategy, creator-business-plan","Indexable; SSG; in sitemap; canonical /blog/creator-business-model","September 2026","726","Pass"
"591","creator-revenue-diversification","https://www.kudozz.in/blog/creator-revenue-diversification","Creator Business › Business Model & Strategy","Strategy: concentration risk","creator revenue diversification","diversify creator income; income streams; creator income risk; multiple revenue streams","Low–medium vs creator-monetization-india diversification section.","6","5","0","n/a (no platform-specific claims)","BlogPosting + BreadcrumbList + FAQPage (3)","Creator Revenue Diversification: Reduce Single-Stream Risk","58","How creators reduce income risk: platform, client, format and stream dependency, simple concentration checks, choosing the next stream and a 12-month plan.","155","Section hero graphic + generated OG image","Hero is decorative (aria-hidden); OG alt set by route","before ""Don't spread too thin""","Yes (BlogBottomCTA)","creator-business-model, creator-monetization-india, creator-audience-ownership","Indexable; SSG; in sitemap; canonical /blog/creator-revenue-diversification","September 2026","615","Review: short"
"592","creator-pricing-strategy","https://www.kudozz.in/blog/creator-pricing-strategy","Creator Business › Business Model & Strategy","Strategy: pricing architecture across offers","creator pricing strategy","how to price creator services; creator packages; pricing digital products; raise creator rates","Low–medium vs how-much-should-creators-charge-india (brand deals only).","10","4","0","n/a (no platform-specific claims)","BlogPosting + BreadcrumbList + FAQPage (3)","Creator Pricing Strategy: Price Services, Content and Products","62","A creator pricing strategy across offers: brand content, UGC, usage, services, workshops, digital products and memberships, packages and raising prices.","152","Section hero graphic + generated OG image","Hero is decorative (aria-hidden); OG alt set by route","before ""Your price floor""","Yes (BlogBottomCTA)","how-much-should-creators-charge-india, influencer-rate-card-india, creator-business-model","Indexable; SSG; in sitemap; canonical /blog/creator-pricing-strategy","September 2026","672","Review: short"
"593","creator-retainer-deals","https://www.kudozz.in/blog/creator-retainer-deals","Creator Brand Deals › After the Campaign","How-to: retainers","creator retainer","influencer retainer agreement; monthly brand partnership; recurring brand deals; brand ambassador creator","Low.","8","6","0","n/a (no platform-specific claims)","BlogPosting + BreadcrumbList + FAQPage (3)","Creator Retainer Deals: Build Recurring Brand Partnerships","58","How creators build brand retainers: from one-off to monthly, scope, deliverables, reporting, communication, exclusivity, payment schedules, capacity and renewal.","161","Section hero + OG + diagram (creator-partnership-ladder.svg)","Partnership ladder: one-off campaign, repeat campaign, monthly relationship, retainer, long-term partnership","before ""Payment schedules""","Yes (BlogBottomCTA)","creator-brand-partnerships, creator-payment-terms, creator-exclusivity","Indexable; SSG; in sitemap; canonical /blog/creator-retainer-deals","September 2026","738","Pass"
"594","creator-brand-partnerships","https://www.kudozz.in/blog/creator-brand-partnerships","Creator Brand Deals › After the Campaign","How-to: long-term brand relationships (creator side)","creator partnership strategy","long-term brand partnerships; brand relationships creators; repeat brand deals; creator brand ambassador","Low–medium vs brand-side influencer-partnerships and 562.","7","4","0","n/a (no platform-specific claims)","BlogPosting + BreadcrumbList + FAQPage (3)","Creator Partnership Strategy: From One Deal to Long-Term","56","How creators turn one brand deal into a long-term relationship: professionalism, useful reporting, feedback loops, co-creation and choosing which brands to invest in.","166","Section hero graphic + generated OG image","Hero is decorative (aria-hidden); OG alt set by route","before ""Choose which brands to invest in""","Yes (BlogBottomCTA)","creator-retainer-deals, creator-client-management, youtube-brand-deals","Indexable; SSG; in sitemap; canonical /blog/creator-brand-partnerships","September 2026","623","Review: short"
"595","creator-brand-safety","https://www.kudozz.in/blog/creator-brand-safety","Creator Protection › Responsible Partnerships","(Consolidated) Brand safety checklist merged into existing creator-brand-safety","creator brand safety","brand safety checklist; vet sponsors; sponsorship checklist; brand partnerships","Resolved: no new URL. Added sponsor research table, full checklist, Online Gaming Act 2025 correction, SEBI note; updatedAt set.","9","6","1","pib.gov.in","BlogPosting + BreadcrumbList + FAQPage (3)","Creator Brand Safety Checklist: Vet Sponsors Before You Accept","62","Creator brand safety checklist: how to research a sponsor, category and claim risks in India, contract protections, comment moderation and handling partner controversies.","170","Section hero graphic + generated OG image","Hero is decorative (aria-hidden); OG alt set by route","before ""Protect yourself in the contract""","Yes (BlogBottomCTA)","creator-brand-deal-checklist, creator-reputation-management, creator-crisis-management","Indexable; SSG; in sitemap; canonical /blog/creator-brand-safety","September 2026","1007","Pass"
"596","creator-reputation-management","https://www.kudozz.in/blog/creator-reputation-management","Creator Protection › Reputation & Crisis","How-to: reputation (section pillar)","creator reputation management","personal brand protection; online reputation creators; search your name; creator corrections","Low.","6","3","0","n/a (no platform-specific claims)","BlogPosting + BreadcrumbList + FAQPage (3)","Creator Reputation Management: Protect Your Personal Brand","58","Creator reputation management: search results for your name, owned profiles, content history, brand relationships, corrections, transparency and legitimate criticism.","166","Section hero graphic + generated OG image","Hero is decorative (aria-hidden); OG alt set by route","before ""Audience perception""","Yes (BlogBottomCTA)","creator-crisis-management, creator-impersonation, creator-brand-safety","Indexable; SSG; in sitemap; canonical /blog/creator-reputation-management","September 2026","713","Pass"
"597","creator-crisis-management","https://www.kudozz.in/blog/creator-crisis-management","Creator Protection › Reputation & Crisis","How-to: crisis response with 8 scenarios","creator crisis management","influencer backlash response; brand deal gone wrong; creator apology; content controversy","Low vs creator-brand-safety controversy section (cross-linked).","6","4","0","n/a (no platform-specific claims)","BlogPosting + BreadcrumbList + FAQPage (4)","Creator Crisis Management: Respond When Things Go Wrong","55","Creator crisis response: pause, verify, communicate, correct, document and learn, applied to sponsored backlash, complaints, errors, disclosure slips and copyright disputes.","173","Section hero + OG + diagram (creator-crisis-response.svg)","Crisis response steps: situation, pause, verify facts, communicate, correct where necessary, document, learn","before ""Scenario 5: miscommunication with a brand""","Yes (BlogBottomCTA)","creator-reputation-management, creator-brand-safety, creator-disclosure-guide","Indexable; SSG; in sitemap; canonical /blog/creator-crisis-management","September 2026","990","Pass"
"598","creator-team-building","https://www.kudozz.in/blog/creator-team-building","Creator Business › Team & Representation","How-to: hiring (section pillar)","creator team building","hire a video editor; creator manager; creator virtual assistant; delegate as a creator","Low.","5","4","0","n/a (no platform-specific claims)","BlogPosting + BreadcrumbList + FAQPage (3)","Creator Team Building: When to Hire Editors and Managers","56","When creators should hire editors, managers, accountants, VAs and more: readiness signs, freelancer vs full-time, costs, delegation, SOPs and quality control.","158","Section hero graphic + generated OG image","Hero is decorative (aria-hidden); OG alt set by route","before ""Delegation and SOPs""","Yes (BlogBottomCTA)","creator-manager-vs-agency, creator-business-sops, creator-workflow","Indexable; SSG; in sitemap; canonical /blog/creator-team-building","September 2026","735","Pass"
"599","creator-manager-vs-agency","https://www.kudozz.in/blog/creator-manager-vs-agency","Creator Business › Team & Representation","Comparison: independent vs manager vs agency vs MCN","creator manager vs agency","talent manager for creators; influencer agency; MCN; independent creator","Low vs brand-side influencer-management-vs-influencer-marketing.","3","3","0","n/a (no platform-specific claims)","BlogPosting + BreadcrumbList + FAQPage (4)","Creator Manager vs Agency vs Independent: Which Fits You?","57","A neutral comparison of independent creators, talent managers, creator agencies, influencer marketing agencies and MCNs: services, fees, control, contracts and fit.","164","Section hero graphic + generated OG image","Hero is decorative (aria-hidden); OG alt set by route","before ""Reporting and transparency""","Yes (BlogBottomCTA)","creator-team-building, influencer-contract-guide-for-creators, creator-brand-deals","Indexable; SSG; in sitemap; canonical /blog/creator-manager-vs-agency","September 2026","988","Pass"