Location,Location Type,State,City,Service,Existing URL,Proposed URL,Primary Keyword,Secondary Keywords,Search Intent,Existing Page?,Recommended Action,Kudozz,Competitor 1,Competitor 2,Competitor 3,Competitor 4,Local Research Completed,Unique Content Opportunity,Internal Links,CTA,Schema,Status,Last Competitor Research Date
India,Country,,,Influencer marketing agency,/blog/best-influencer-marketing-agencies-in-india,/blog/best-influencer-marketing-agencies-in-india,best influencer marketing agency in India,influencer marketing agencies in India; influencer marketing companies in India; creator marketing agency India,Commercial investigation (agency comparison) + local,Yes,"UPDATE EXISTING (rewrite, same URL)",Yes (first),Chtrbox,Confluencr,Grynow,InfluGlue,Yes,"Pillar: ecosystem, partner types, languages, D2C, state/city directory","Down: all 29 state/UT guides + Mumbai, Ahmedabad; up from every state/city guide; in from choose-agency, services, regional guides",Location CTA pair (mid + bottom),"BlogPosting (+spatialCoverage, mentions), BreadcrumbList, FAQPage","Published (in repo, not yet deployed)",2026-09-30
Maharashtra,State,Maharashtra,,Influencer marketing agency,,/blog/best-influencer-marketing-agencies-in-maharashtra,best influencer marketing agency in Maharashtra,influencer marketing agency Maharashtra; Marathi influencers; Pune influencer marketing,Commercial investigation (agency comparison) + local,No,CREATE NEW (gap: no Maharashtra page existed),Yes (first),Chtrbox,Fame Keeda,Evonix,Addinfi,Yes,Mumbai vs Pune vs Nagpur vs Nashik markets; Marathi creators; Ganeshotsav/Gudi Padwa,"Up: India; down: Mumbai guide; neighbors: Goa, MP, Chhattisgarh, Telangana link in",Location CTA pair (mid + bottom),"BlogPosting (+spatialCoverage, mentions), BreadcrumbList, FAQPage","Published (in repo, not yet deployed)",2026-09-30
Gujarat,State,Gujarat,,Influencer marketing agency,,/blog/best-influencer-marketing-agencies-in-gujarat,best influencer marketing agency in Gujarat,influencer marketing companies in Gujarat; Gujarati influencers; Surat influencer marketing,Commercial investigation (agency comparison) + local,No,"UPDATE EXISTING (rewrite, same URL)",Yes (first),Monkey Ads & Studios,Four Pillars Media,Socialee,MeDigit,Yes,"Surat diamonds/textiles, Ahmedabad D2C, Navratri/Uttarayan, diaspora audience check",Up: India; down: Ahmedabad agency guide + Ahmedabad city guide,Location CTA pair (mid + bottom),"BlogPosting (+spatialCoverage, mentions), BreadcrumbList, FAQPage","Published (in repo, not yet deployed)",2026-09-30
Karnataka,State,Karnataka,Bengaluru,Influencer marketing agency,,/blog/best-influencer-marketing-agencies-in-karnataka,best influencer marketing agency in Bangalore / Karnataka,influencer marketing agency Bangalore; Kannada influencers; startup influencer marketing,Commercial investigation (agency comparison) + local,No,"UPDATE EXISTING (rewrite, same URL; retitled to own Bengaluru agency intent)",Yes (first),Kofluence,Confluencr,Social Beat,Hashtag Orange,Yes,"Startup/app/SaaS tracking; Kannada markets (Mysuru, Mangaluru, Hubballi)",Up: India; down/in: Bengaluru city guide,Location CTA pair (mid + bottom),"BlogPosting (+spatialCoverage, mentions), BreadcrumbList, FAQPage","Published (in repo, not yet deployed)",2026-09-30
Delhi,Union Territory (NCR),Delhi,Delhi / Gurugram / Noida,Influencer marketing agency,,/blog/best-influencer-marketing-agencies-in-delhi,best influencer marketing agency in Delhi,influencer marketing agency Delhi NCR; Gurugram; Noida,Commercial investigation (agency comparison) + local,No,CREATE NEW (gap: no Delhi page existed),Yes (first),Grynow,Opraah,Hashtag Orange,Gravmo,Yes,"NCR sub-markets, Hinglish/Punjabi, wedding season","Up: India; in from Delhi city guide, Haryana, UP, Punjab, Rajasthan",Location CTA pair (mid + bottom),"BlogPosting (+spatialCoverage, mentions), BreadcrumbList, FAQPage","Published (in repo, not yet deployed)",2026-09-30
Andhra Pradesh,State,Andhra Pradesh,,Influencer marketing agency,/blog/best-influencer-marketing-agencies-in-andhra-pradesh,/blog/best-influencer-marketing-agencies-in-andhra-pradesh,best influencer marketing agency in Andhra Pradesh,influencer marketing companies in Andhra Pradesh,Commercial investigation (agency comparison) + local,Yes,"EXPAND EXISTING (P2): add Kudozz-first + 4 researched local alternatives, comparison table, methodology","Yes (first, no alternatives yet)",,,,,Partial (existing local context kept),Existing local context; needs competitor research,Now links up to India + neighbors; CTA extra removed,Generic location CTA pair,"BlogPosting, BreadcrumbList, FAQPage",Live; stale stats and extra CTA removed 2026-09-30; competitor research pending,
Arunachal Pradesh,State,Arunachal Pradesh,,Influencer marketing agency,/blog/best-influencer-marketing-agencies-in-arunachal-pradesh,/blog/best-influencer-marketing-agencies-in-arunachal-pradesh,best influencer marketing agency in Arunachal Pradesh,influencer marketing companies in Arunachal Pradesh,Commercial investigation (agency comparison) + local,Yes,"EXPAND EXISTING (P4): add Kudozz-first + 4 researched local alternatives, comparison table, methodology","Yes (first, no alternatives yet)",,,,,Partial (existing local context kept),Existing local context; needs competitor research,Now links up to India + neighbors; CTA extra removed,Generic location CTA pair,"BlogPosting, BreadcrumbList, FAQPage",Live; stale stats and extra CTA removed 2026-09-30; competitor research pending,
Assam,State,Assam,,Influencer marketing agency,/blog/best-influencer-marketing-agencies-in-assam,/blog/best-influencer-marketing-agencies-in-assam,best influencer marketing agency in Assam,influencer marketing companies in Assam,Commercial investigation (agency comparison) + local,Yes,"EXPAND EXISTING (P3): add Kudozz-first + 4 researched local alternatives, comparison table, methodology","Yes (first, no alternatives yet)",,,,,Partial (existing local context kept),Existing local context; needs competitor research,Now links up to India + neighbors; CTA extra removed,Generic location CTA pair,"BlogPosting, BreadcrumbList, FAQPage",Live; stale stats and extra CTA removed 2026-09-30; competitor research pending,
Bihar,State,Bihar,,Influencer marketing agency,/blog/best-influencer-marketing-agencies-in-bihar,/blog/best-influencer-marketing-agencies-in-bihar,best influencer marketing agency in Bihar,influencer marketing companies in Bihar,Commercial investigation (agency comparison) + local,Yes,"EXPAND EXISTING (P3): add Kudozz-first + 4 researched local alternatives, comparison table, methodology","Yes (first, no alternatives yet)",,,,,Partial (existing local context kept),Existing local context; needs competitor research,Now links up to India + neighbors; CTA extra removed,Generic location CTA pair,"BlogPosting, BreadcrumbList, FAQPage",Live; stale stats and extra CTA removed 2026-09-30; competitor research pending,
Chhattisgarh,State,Chhattisgarh,,Influencer marketing agency,/blog/best-influencer-marketing-agencies-in-chhattisgarh,/blog/best-influencer-marketing-agencies-in-chhattisgarh,best influencer marketing agency in Chhattisgarh,influencer marketing companies in Chhattisgarh,Commercial investigation (agency comparison) + local,Yes,"EXPAND EXISTING (P3): add Kudozz-first + 4 researched local alternatives, comparison table, methodology","Yes (first, no alternatives yet)",,,,,Partial (existing local context kept),Existing local context; needs competitor research,Now links up to India + neighbors; CTA extra removed,Generic location CTA pair,"BlogPosting, BreadcrumbList, FAQPage",Live; stale stats and extra CTA removed 2026-09-30; competitor research pending,
Goa,State,Goa,,Influencer marketing agency,/blog/best-influencer-marketing-agencies-in-goa,/blog/best-influencer-marketing-agencies-in-goa,best influencer marketing agency in Goa,influencer marketing companies in Goa,Commercial investigation (agency comparison) + local,Yes,"EXPAND EXISTING (P3): add Kudozz-first + 4 researched local alternatives, comparison table, methodology","Yes (first, no alternatives yet)",,,,,Partial (existing local context kept),Existing local context; needs competitor research,Now links up to India + neighbors; CTA extra removed,Generic location CTA pair,"BlogPosting, BreadcrumbList, FAQPage",Live; stale stats and extra CTA removed 2026-09-30; competitor research pending,
Haryana,State,Haryana,,Influencer marketing agency,/blog/best-influencer-marketing-agencies-in-haryana,/blog/best-influencer-marketing-agencies-in-haryana,best influencer marketing agency in Haryana,influencer marketing companies in Haryana,Commercial investigation (agency comparison) + local,Yes,"EXPAND EXISTING (P2): add Kudozz-first + 4 researched local alternatives, comparison table, methodology","Yes (first, no alternatives yet)",,,,,Partial (existing local context kept),Existing local context; needs competitor research,Now links up to India + neighbors; CTA extra removed,Generic location CTA pair,"BlogPosting, BreadcrumbList, FAQPage",Live; stale stats and extra CTA removed 2026-09-30; competitor research pending,
Himachal Pradesh,State,Himachal Pradesh,,Influencer marketing agency,/blog/best-influencer-marketing-agencies-in-himachal-pradesh,/blog/best-influencer-marketing-agencies-in-himachal-pradesh,best influencer marketing agency in Himachal Pradesh,influencer marketing companies in Himachal Pradesh,Commercial investigation (agency comparison) + local,Yes,"EXPAND EXISTING (P3): add Kudozz-first + 4 researched local alternatives, comparison table, methodology","Yes (first, no alternatives yet)",,,,,Partial (existing local context kept),Existing local context; needs competitor research,Now links up to India + neighbors; CTA extra removed,Generic location CTA pair,"BlogPosting, BreadcrumbList, FAQPage",Live; stale stats and extra CTA removed 2026-09-30; competitor research pending,
Jharkhand,State,Jharkhand,,Influencer marketing agency,/blog/best-influencer-marketing-agencies-in-jharkhand,/blog/best-influencer-marketing-agencies-in-jharkhand,best influencer marketing agency in Jharkhand,influencer marketing companies in Jharkhand,Commercial investigation (agency comparison) + local,Yes,"EXPAND EXISTING (P3): add Kudozz-first + 4 researched local alternatives, comparison table, methodology","Yes (first, no alternatives yet)",,,,,Partial (existing local context kept),Existing local context; needs competitor research,Now links up to India + neighbors; CTA extra removed,Generic location CTA pair,"BlogPosting, BreadcrumbList, FAQPage",Live; stale stats and extra CTA removed 2026-09-30; competitor research pending,
Kerala,State,Kerala,,Influencer marketing agency,/blog/best-influencer-marketing-agencies-in-kerala,/blog/best-influencer-marketing-agencies-in-kerala,best influencer marketing agency in Kerala,influencer marketing companies in Kerala,Commercial investigation (agency comparison) + local,Yes,"EXPAND EXISTING (P2): add Kudozz-first + 4 researched local alternatives, comparison table, methodology","Yes (first, no alternatives yet)",,,,,Partial (existing local context kept),Existing local context; needs competitor research,Now links up to India + neighbors; CTA extra removed,Generic location CTA pair,"BlogPosting, BreadcrumbList, FAQPage",Live; stale stats and extra CTA removed 2026-09-30; competitor research pending,
Madhya Pradesh,State,Madhya Pradesh,,Influencer marketing agency,/blog/best-influencer-marketing-agencies-in-madhya-pradesh,/blog/best-influencer-marketing-agencies-in-madhya-pradesh,best influencer marketing agency in Madhya Pradesh,influencer marketing companies in Madhya Pradesh,Commercial investigation (agency comparison) + local,Yes,"EXPAND EXISTING (P2): add Kudozz-first + 4 researched local alternatives, comparison table, methodology","Yes (first, no alternatives yet)",,,,,Partial (existing local context kept),Existing local context; needs competitor research,Now links up to India + neighbors; CTA extra removed,Generic location CTA pair,"BlogPosting, BreadcrumbList, FAQPage",Live; stale stats and extra CTA removed 2026-09-30; competitor research pending,
Manipur,State,Manipur,,Influencer marketing agency,/blog/best-influencer-marketing-agencies-in-manipur,/blog/best-influencer-marketing-agencies-in-manipur,best influencer marketing agency in Manipur,influencer marketing companies in Manipur,Commercial investigation (agency comparison) + local,Yes,"EXPAND EXISTING (P4): add Kudozz-first + 4 researched local alternatives, comparison table, methodology","Yes (first, no alternatives yet)",,,,,Partial (existing local context kept),Existing local context; needs competitor research,Now links up to India + neighbors; CTA extra removed,Generic location CTA pair,"BlogPosting, BreadcrumbList, FAQPage",Live; stale stats and extra CTA removed 2026-09-30; competitor research pending,
Meghalaya,State,Meghalaya,,Influencer marketing agency,/blog/best-influencer-marketing-agencies-in-meghalaya,/blog/best-influencer-marketing-agencies-in-meghalaya,best influencer marketing agency in Meghalaya,influencer marketing companies in Meghalaya,Commercial investigation (agency comparison) + local,Yes,"EXPAND EXISTING (P4): add Kudozz-first + 4 researched local alternatives, comparison table, methodology","Yes (first, no alternatives yet)",,,,,Partial (existing local context kept),Existing local context; needs competitor research,Now links up to India + neighbors; CTA extra removed,Generic location CTA pair,"BlogPosting, BreadcrumbList, FAQPage",Live; stale stats and extra CTA removed 2026-09-30; competitor research pending,
Mizoram,State,Mizoram,,Influencer marketing agency,/blog/best-influencer-marketing-agencies-in-mizoram,/blog/best-influencer-marketing-agencies-in-mizoram,best influencer marketing agency in Mizoram,influencer marketing companies in Mizoram,Commercial investigation (agency comparison) + local,Yes,"EXPAND EXISTING (P4): add Kudozz-first + 4 researched local alternatives, comparison table, methodology","Yes (first, no alternatives yet)",,,,,Partial (existing local context kept),Existing local context; needs competitor research,Now links up to India + neighbors; CTA extra removed,Generic location CTA pair,"BlogPosting, BreadcrumbList, FAQPage",Live; stale stats and extra CTA removed 2026-09-30; competitor research pending,
Nagaland,State,Nagaland,,Influencer marketing agency,/blog/best-influencer-marketing-agencies-in-nagaland,/blog/best-influencer-marketing-agencies-in-nagaland,best influencer marketing agency in Nagaland,influencer marketing companies in Nagaland,Commercial investigation (agency comparison) + local,Yes,"EXPAND EXISTING (P4): add Kudozz-first + 4 researched local alternatives, comparison table, methodology","Yes (first, no alternatives yet)",,,,,Partial (existing local context kept),Existing local context; needs competitor research,Now links up to India + neighbors; CTA extra removed,Generic location CTA pair,"BlogPosting, BreadcrumbList, FAQPage",Live; stale stats and extra CTA removed 2026-09-30; competitor research pending,
Odisha,State,Odisha,,Influencer marketing agency,/blog/best-influencer-marketing-agencies-in-odisha,/blog/best-influencer-marketing-agencies-in-odisha,best influencer marketing agency in Odisha,influencer marketing companies in Odisha,Commercial investigation (agency comparison) + local,Yes,"EXPAND EXISTING (P3): add Kudozz-first + 4 researched local alternatives, comparison table, methodology","Yes (first, no alternatives yet)",,,,,Partial (existing local context kept),Existing local context; needs competitor research,Now links up to India + neighbors; CTA extra removed,Generic location CTA pair,"BlogPosting, BreadcrumbList, FAQPage",Live; stale stats and extra CTA removed 2026-09-30; competitor research pending,
Punjab,State,Punjab,,Influencer marketing agency,/blog/best-influencer-marketing-agencies-in-punjab,/blog/best-influencer-marketing-agencies-in-punjab,best influencer marketing agency in Punjab,influencer marketing companies in Punjab,Commercial investigation (agency comparison) + local,Yes,"EXPAND EXISTING (P2): add Kudozz-first + 4 researched local alternatives, comparison table, methodology","Yes (first, no alternatives yet)",,,,,Partial (existing local context kept),Existing local context; needs competitor research,Now links up to India + neighbors; CTA extra removed,Generic location CTA pair,"BlogPosting, BreadcrumbList, FAQPage",Live; stale stats and extra CTA removed 2026-09-30; competitor research pending,
Rajasthan,State,Rajasthan,,Influencer marketing agency,/blog/best-influencer-marketing-agencies-in-rajasthan,/blog/best-influencer-marketing-agencies-in-rajasthan,best influencer marketing agency in Rajasthan,influencer marketing companies in Rajasthan,Commercial investigation (agency comparison) + local,Yes,"EXPAND EXISTING (P2): add Kudozz-first + 4 researched local alternatives, comparison table, methodology","Yes (first, no alternatives yet)",,,,,Partial (existing local context kept),Existing local context; needs competitor research,Now links up to India + neighbors; CTA extra removed,Generic location CTA pair,"BlogPosting, BreadcrumbList, FAQPage",Live; stale stats and extra CTA removed 2026-09-30; competitor research pending,
Sikkim,State,Sikkim,,Influencer marketing agency,/blog/best-influencer-marketing-agencies-in-sikkim,/blog/best-influencer-marketing-agencies-in-sikkim,best influencer marketing agency in Sikkim,influencer marketing companies in Sikkim,Commercial investigation (agency comparison) + local,Yes,"EXPAND EXISTING (P4): add Kudozz-first + 4 researched local alternatives, comparison table, methodology","Yes (first, no alternatives yet)",,,,,Partial (existing local context kept),Existing local context; needs competitor research,Now links up to India + neighbors; CTA extra removed,Generic location CTA pair,"BlogPosting, BreadcrumbList, FAQPage",Live; stale stats and extra CTA removed 2026-09-30; competitor research pending,
Tamil Nadu,State,Tamil Nadu,,Influencer marketing agency,/blog/best-influencer-marketing-agencies-in-tamil-nadu,/blog/best-influencer-marketing-agencies-in-tamil-nadu,best influencer marketing agency in Tamil Nadu,influencer marketing companies in Tamil Nadu,Commercial investigation (agency comparison) + local,Yes,DONE: rebuilt 2026-10-01 with Kudozz + 4 researched Chennai alternatives,Yes (first),Social Beat,Bud,The Pixelate,Orange Digital Marketing,Yes,Existing local context; needs competitor research,Now links up to India + neighbors; CTA extra removed,Generic location CTA pair,"BlogPosting, BreadcrumbList, FAQPage",Rebuilt in location-guides/states.ts 2026-10-01,2026-10-01
Telangana,State,Telangana,,Influencer marketing agency,/blog/best-influencer-marketing-agencies-in-telangana,/blog/best-influencer-marketing-agencies-in-telangana,best influencer marketing agency in Telangana,influencer marketing companies in Telangana,Commercial investigation (agency comparison) + local,Yes,"EXPAND EXISTING (P1): add Kudozz-first + 4 researched local alternatives, comparison table, methodology","Yes (first, no alternatives yet)",Kofluence (T-Hub),Social DNA (Somajiguda),Vhonk (Banjara Hills),PENDING,Partial (3 of 4),Existing local context; needs competitor research,Now links up to India + neighbors; CTA extra removed,Generic location CTA pair,"BlogPosting, BreadcrumbList, FAQPage",Live; stale stats and extra CTA removed 2026-09-30; competitor research pending,2026-10-01
Tripura,State,Tripura,,Influencer marketing agency,/blog/best-influencer-marketing-agencies-in-tripura,/blog/best-influencer-marketing-agencies-in-tripura,best influencer marketing agency in Tripura,influencer marketing companies in Tripura,Commercial investigation (agency comparison) + local,Yes,"EXPAND EXISTING (P4): add Kudozz-first + 4 researched local alternatives, comparison table, methodology","Yes (first, no alternatives yet)",,,,,Partial (existing local context kept),Existing local context; needs competitor research,Now links up to India + neighbors; CTA extra removed,Generic location CTA pair,"BlogPosting, BreadcrumbList, FAQPage",Live; stale stats and extra CTA removed 2026-09-30; competitor research pending,
Uttar Pradesh,State,Uttar Pradesh,,Influencer marketing agency,/blog/best-influencer-marketing-agencies-in-uttar-pradesh,/blog/best-influencer-marketing-agencies-in-uttar-pradesh,best influencer marketing agency in Uttar Pradesh,influencer marketing companies in Uttar Pradesh,Commercial investigation (agency comparison) + local,Yes,"EXPAND EXISTING (P1): add Kudozz-first + 4 researched local alternatives, comparison table, methodology","Yes (first, no alternatives yet)",,,,,Partial (existing local context kept),Existing local context; needs competitor research,Now links up to India + neighbors; CTA extra removed,Generic location CTA pair,"BlogPosting, BreadcrumbList, FAQPage",Live; stale stats and extra CTA removed 2026-09-30; competitor research pending,
Uttarakhand,State,Uttarakhand,,Influencer marketing agency,/blog/best-influencer-marketing-agencies-in-uttarakhand,/blog/best-influencer-marketing-agencies-in-uttarakhand,best influencer marketing agency in Uttarakhand,influencer marketing companies in Uttarakhand,Commercial investigation (agency comparison) + local,Yes,"EXPAND EXISTING (P3): add Kudozz-first + 4 researched local alternatives, comparison table, methodology","Yes (first, no alternatives yet)",,,,,Partial (existing local context kept),Existing local context; needs competitor research,Now links up to India + neighbors; CTA extra removed,Generic location CTA pair,"BlogPosting, BreadcrumbList, FAQPage",Live; stale stats and extra CTA removed 2026-09-30; competitor research pending,
West Bengal,State,West Bengal,,Influencer marketing agency,/blog/best-influencer-marketing-agencies-in-west-bengal,/blog/best-influencer-marketing-agencies-in-west-bengal,best influencer marketing agency in West Bengal,influencer marketing companies in West Bengal,Commercial investigation (agency comparison) + local,Yes,"EXPAND EXISTING (P1): add Kudozz-first + 4 researched local alternatives, comparison table, methodology","Yes (first, no alternatives yet)",,,,,Partial (existing local context kept),Existing local context; needs competitor research,Now links up to India + neighbors; CTA extra removed,Generic location CTA pair,"BlogPosting, BreadcrumbList, FAQPage",Live; stale stats and extra CTA removed 2026-09-30; competitor research pending,
Jammu and Kashmir,Union Territory,Jammu and Kashmir,,Influencer marketing agency,/blog/best-influencer-marketing-agencies-in-jammu-and-kashmir,/blog/best-influencer-marketing-agencies-in-jammu-and-kashmir,best influencer marketing agency in Jammu and Kashmir,,Commercial investigation (agency comparison) + local,Yes,EXPAND EXISTING (P4),"Yes (first, no alternatives yet)",,,,,Partial,"Thin agency ecosystem; keep, low priority",Links up to India,Generic location CTA pair,"BlogPosting, BreadcrumbList, FAQPage",Live; stale stats and extra CTA removed; competitor research pending,
Ladakh,Union Territory,Ladakh,,Influencer marketing agency,/blog/best-influencer-marketing-agencies-in-ladakh,/blog/best-influencer-marketing-agencies-in-ladakh,best influencer marketing agency in Ladakh,,Commercial investigation (agency comparison) + local,Yes,EXPAND EXISTING (P4),"Yes (first, no alternatives yet)",,,,,Partial,"Thin agency ecosystem; keep, low priority",Links up to India,Generic location CTA pair,"BlogPosting, BreadcrumbList, FAQPage",Live; stale stats and extra CTA removed; competitor research pending,
Chandigarh,Union Territory,Chandigarh,,Influencer marketing agency,,,best influencer marketing agency in Chandigarh,,Commercial + local,No,"CANDIDATE (P2): tricity (Chandigarh, Mohali, Panchkula) has verifiable agencies (e.g. TML Agency HQ); create only after 4 local agencies verified","Yes (first, no alternatives yet)",,,,,No,,,Generic location CTA pair,"BlogPosting, BreadcrumbList, FAQPage",Not created,
Puducherry,Union Territory,Puducherry,,Influencer marketing agency,,,best influencer marketing agency in Puducherry,,Local; very low agency ecosystem,No,DO NOT CREATE: NOT RECOMMENDED — INSUFFICIENT UNIQUE SEARCH / COMMERCIAL VALUE (served by Tamil Nadu guide),"Yes (first, no alternatives yet)",,,,,No,,,Generic location CTA pair,"BlogPosting, BreadcrumbList, FAQPage",Not created,
Andaman and Nicobar Islands,Union Territory,Andaman and Nicobar Islands,,Influencer marketing agency,,,best influencer marketing agency in Andaman and Nicobar Islands,,Local; very low agency ecosystem,No,DO NOT CREATE: NOT RECOMMENDED — INSUFFICIENT UNIQUE SEARCH / COMMERCIAL VALUE,"Yes (first, no alternatives yet)",,,,,No,,,Generic location CTA pair,"BlogPosting, BreadcrumbList, FAQPage",Not created,
Lakshadweep,Union Territory,Lakshadweep,,Influencer marketing agency,,,best influencer marketing agency in Lakshadweep,,Local; very low agency ecosystem,No,DO NOT CREATE: NOT RECOMMENDED — INSUFFICIENT UNIQUE SEARCH / COMMERCIAL VALUE,"Yes (first, no alternatives yet)",,,,,No,,,Generic location CTA pair,"BlogPosting, BreadcrumbList, FAQPage",Not created,
Dadra and Nagar Haveli and Daman and Diu,Union Territory,Dadra and Nagar Haveli and Daman and Diu,,Influencer marketing agency,,,best influencer marketing agency in Dadra and Nagar Haveli and Daman and Diu,,Local; very low agency ecosystem,No,DO NOT CREATE: NOT RECOMMENDED — INSUFFICIENT UNIQUE SEARCH / COMMERCIAL VALUE (served by Gujarat guide),"Yes (first, no alternatives yet)",,,,,No,,,Generic location CTA pair,"BlogPosting, BreadcrumbList, FAQPage",Not created,
Mumbai,City,Maharashtra,Mumbai,Influencer marketing agency,"/blog/influencer-marketing-mumbai (informational guide, kept)",/blog/best-influencer-marketing-agencies-in-mumbai,best influencer marketing agency in Mumbai,influencer marketing agency Mumbai; influencer marketing companies in Mumbai,Commercial investigation (agency comparison) + local,Yes,CREATE NEW (commercial intent distinct from the existing how-to city guide; cross-linked),Yes (first),Chtrbox,DigiChefs,Glad U Came,Fame Keeda,Yes,"Neighborhood markets, audience-location checks, industries","Up: India, Maharashtra; two-way with city guide",Location CTA pair (mid + bottom),"BlogPosting (+spatialCoverage, mentions), BreadcrumbList, FAQPage","Published (in repo, not yet deployed)",2026-09-30
Ahmedabad,City,Gujarat,Ahmedabad,Influencer marketing agency,"/blog/influencer-marketing-ahmedabad (informational guide, kept)",/blog/best-influencer-marketing-agencies-in-ahmedabad,best influencer marketing agency in Ahmedabad,influencer marketing agency Ahmedabad; influencer marketing companies in Ahmedabad,Commercial investigation (agency comparison) + local,Yes,CREATE NEW (commercial intent distinct from the existing how-to city guide; cross-linked),Yes (first),MeDigit,MediaF5,IMI Advertising,Monkey Ads & Studios,Yes,Specialist vs generalist; sectors; Gujarati creators; Uttarayan,"Up: India, Gujarat; two-way with city guide",Location CTA pair (mid + bottom),"BlogPosting (+spatialCoverage, mentions), BreadcrumbList, FAQPage","Published (in repo, not yet deployed)",2026-09-30
Bengaluru,City,Karnataka,Bengaluru,Influencer marketing agency,/blog/influencer-marketing-bangalore,,best influencer marketing agency in Bengaluru,,Commercial investigation (agency comparison) + local,Yes,CONSOLIDATE into Karnataka guide (retitled 'Karnataka and Bengaluru'); agency ecosystem is the same; existing /blog/influencer-marketing-bangalore stays informational,"Yes (first, no alternatives yet)",,,,,No,,,Generic location CTA pair,"BlogPosting, BreadcrumbList, FAQPage",Served by parent guide,
Delhi,City,Delhi,Delhi,Influencer marketing agency,/blog/influencer-marketing-delhi,,best influencer marketing agency in Delhi,,Commercial investigation (agency comparison) + local,Yes,CONSOLIDATE into Delhi NCR guide; /blog/influencer-marketing-delhi stays informational,"Yes (first, no alternatives yet)",,,,,No,,,Generic location CTA pair,"BlogPosting, BreadcrumbList, FAQPage",Served by parent guide,
Gurugram,City,Haryana,Gurugram,Influencer marketing agency,,,best influencer marketing agency in Gurugram,,Commercial investigation (agency comparison) + local,No,DO NOT CREATE: covered by Delhi NCR guide (same agency pool),"Yes (first, no alternatives yet)",,,,,No,,,Generic location CTA pair,"BlogPosting, BreadcrumbList, FAQPage",Not created,
Noida,City,Uttar Pradesh,Noida,Influencer marketing agency,,,best influencer marketing agency in Noida,,Commercial investigation (agency comparison) + local,No,DO NOT CREATE: covered by Delhi NCR guide,"Yes (first, no alternatives yet)",,,,,No,,,Generic location CTA pair,"BlogPosting, BreadcrumbList, FAQPage",Not created,
Ghaziabad,City,Uttar Pradesh,Ghaziabad,Influencer marketing agency,,,best influencer marketing agency in Ghaziabad,,Commercial investigation (agency comparison) + local,No,DO NOT CREATE: covered by Delhi NCR guide,"Yes (first, no alternatives yet)",,,,,No,,,Generic location CTA pair,"BlogPosting, BreadcrumbList, FAQPage",Not created,
Faridabad,City,Haryana,Faridabad,Influencer marketing agency,,,best influencer marketing agency in Faridabad,,Commercial investigation (agency comparison) + local,No,DO NOT CREATE: covered by Delhi NCR guide,"Yes (first, no alternatives yet)",,,,,No,,,Generic location CTA pair,"BlogPosting, BreadcrumbList, FAQPage",Not created,
Pune,City,Maharashtra,Pune,Influencer marketing agency,,,best influencer marketing agency in Pune,,Commercial investigation (agency comparison) + local,No,"CANDIDATE (P2): real demand, but verified Pune-based influencer agencies were thin on 2026-09-30 (Evonix, Addinfi); served by Maharashtra guide until 4 can be verified","Yes (first, no alternatives yet)",,,,,No,,,Generic location CTA pair,"BlogPosting, BreadcrumbList, FAQPage",Not created,
Hyderabad,City,Telangana,Hyderabad,Influencer marketing agency,,,best influencer marketing agency in Hyderabad,,Commercial investigation (agency comparison) + local,No,CANDIDATE (P1): update Telangana first; city page only if agency pool differs,"Yes (first, no alternatives yet)",,,,,No,,,Generic location CTA pair,"BlogPosting, BreadcrumbList, FAQPage",Not created,
Chennai,City,Tamil Nadu,Chennai,Influencer marketing agency,,,best influencer marketing agency in Chennai,,Commercial investigation (agency comparison) + local,No,CANDIDATE (P1): update Tamil Nadu first (Social Beat has a Chennai office),"Yes (first, no alternatives yet)",,,,,No,,,Generic location CTA pair,"BlogPosting, BreadcrumbList, FAQPage",Not created,
Kolkata,City,West Bengal,Kolkata,Influencer marketing agency,,,best influencer marketing agency in Kolkata,,Commercial investigation (agency comparison) + local,No,CANDIDATE (P2): update West Bengal first (InfluGlue is Kolkata-based),"Yes (first, no alternatives yet)",,,,,No,,,Generic location CTA pair,"BlogPosting, BreadcrumbList, FAQPage",Not created,
Surat,City,Gujarat,Surat,Influencer marketing agency,,,best influencer marketing agency in Surat,,Commercial investigation (agency comparison) + local,No,DO NOT CREATE: covered by Gujarat guide (Surat agencies profiled there),"Yes (first, no alternatives yet)",,,,,No,,,Generic location CTA pair,"BlogPosting, BreadcrumbList, FAQPage",Not created,
Vadodara,City,Gujarat,Vadodara,Influencer marketing agency,,,best influencer marketing agency in Vadodara,,Commercial investigation (agency comparison) + local,No,DO NOT CREATE: covered by Gujarat guide,"Yes (first, no alternatives yet)",,,,,No,,,Generic location CTA pair,"BlogPosting, BreadcrumbList, FAQPage",Not created,
Rajkot,City,Gujarat,Rajkot,Influencer marketing agency,,,best influencer marketing agency in Rajkot,,Commercial investigation (agency comparison) + local,No,NOT RECOMMENDED — INSUFFICIENT UNIQUE SEARCH / COMMERCIAL VALUE,"Yes (first, no alternatives yet)",,,,,No,,,Generic location CTA pair,"BlogPosting, BreadcrumbList, FAQPage",Not created,
Nagpur,City,Maharashtra,Nagpur,Influencer marketing agency,,,best influencer marketing agency in Nagpur,,Commercial investigation (agency comparison) + local,No,DO NOT CREATE: covered by Maharashtra guide (Addinfi),"Yes (first, no alternatives yet)",,,,,No,,,Generic location CTA pair,"BlogPosting, BreadcrumbList, FAQPage",Not created,
Nashik,City,Maharashtra,Nashik,Influencer marketing agency,,,best influencer marketing agency in Nashik,,Commercial investigation (agency comparison) + local,No,NOT RECOMMENDED — INSUFFICIENT UNIQUE SEARCH / COMMERCIAL VALUE,"Yes (first, no alternatives yet)",,,,,No,,,Generic location CTA pair,"BlogPosting, BreadcrumbList, FAQPage",Not created,
Mysuru,City,Karnataka,Mysuru,Influencer marketing agency,,,best influencer marketing agency in Mysuru,,Commercial investigation (agency comparison) + local,No,NOT RECOMMENDED — INSUFFICIENT UNIQUE SEARCH / COMMERCIAL VALUE; no verifiable local agencies (directory results were programmatic),"Yes (first, no alternatives yet)",,,,,No,,,Generic location CTA pair,"BlogPosting, BreadcrumbList, FAQPage",Not created,
Coimbatore,City,Tamil Nadu,Coimbatore,Influencer marketing agency,,,best influencer marketing agency in Coimbatore,,Commercial investigation (agency comparison) + local,No,NOT RECOMMENDED — INSUFFICIENT UNIQUE SEARCH / COMMERCIAL VALUE,"Yes (first, no alternatives yet)",,,,,No,,,Generic location CTA pair,"BlogPosting, BreadcrumbList, FAQPage",Not created,
Jaipur,City,Rajasthan,Jaipur,Influencer marketing agency,,,best influencer marketing agency in Jaipur,,Commercial investigation (agency comparison) + local,No,CANDIDATE (P3): after Rajasthan update,"Yes (first, no alternatives yet)",,,,,No,,,Generic location CTA pair,"BlogPosting, BreadcrumbList, FAQPage",Not created,
Udaipur,City,Rajasthan,Udaipur,Influencer marketing agency,,,best influencer marketing agency in Udaipur,,Commercial investigation (agency comparison) + local,No,NOT RECOMMENDED — INSUFFICIENT UNIQUE SEARCH / COMMERCIAL VALUE,"Yes (first, no alternatives yet)",,,,,No,,,Generic location CTA pair,"BlogPosting, BreadcrumbList, FAQPage",Not created,
Lucknow,City,Uttar Pradesh,Lucknow,Influencer marketing agency,,,best influencer marketing agency in Lucknow,,Commercial investigation (agency comparison) + local,No,CANDIDATE (P3): after Uttar Pradesh update,"Yes (first, no alternatives yet)",,,,,No,,,Generic location CTA pair,"BlogPosting, BreadcrumbList, FAQPage",Not created,
Kanpur,City,Uttar Pradesh,Kanpur,Influencer marketing agency,,,best influencer marketing agency in Kanpur,,Commercial investigation (agency comparison) + local,No,NOT RECOMMENDED — INSUFFICIENT UNIQUE SEARCH / COMMERCIAL VALUE,"Yes (first, no alternatives yet)",,,,,No,,,Generic location CTA pair,"BlogPosting, BreadcrumbList, FAQPage",Not created,
Varanasi,City,Uttar Pradesh,Varanasi,Influencer marketing agency,,,best influencer marketing agency in Varanasi,,Commercial investigation (agency comparison) + local,No,NOT RECOMMENDED — INSUFFICIENT UNIQUE SEARCH / COMMERCIAL VALUE,"Yes (first, no alternatives yet)",,,,,No,,,Generic location CTA pair,"BlogPosting, BreadcrumbList, FAQPage",Not created,
Agra,City,Uttar Pradesh,Agra,Influencer marketing agency,,,best influencer marketing agency in Agra,,Commercial investigation (agency comparison) + local,No,NOT RECOMMENDED — INSUFFICIENT UNIQUE SEARCH / COMMERCIAL VALUE,"Yes (first, no alternatives yet)",,,,,No,,,Generic location CTA pair,"BlogPosting, BreadcrumbList, FAQPage",Not created,
Indore,City,Madhya Pradesh,Indore,Influencer marketing agency,,,best influencer marketing agency in Indore,,Commercial investigation (agency comparison) + local,No,CANDIDATE (P3): after Madhya Pradesh update,"Yes (first, no alternatives yet)",,,,,No,,,Generic location CTA pair,"BlogPosting, BreadcrumbList, FAQPage",Not created,
Bhopal,City,Madhya Pradesh,Bhopal,Influencer marketing agency,,,best influencer marketing agency in Bhopal,,Commercial investigation (agency comparison) + local,No,NOT RECOMMENDED — INSUFFICIENT UNIQUE SEARCH / COMMERCIAL VALUE,"Yes (first, no alternatives yet)",,,,,No,,,Generic location CTA pair,"BlogPosting, BreadcrumbList, FAQPage",Not created,
Chandigarh,City,Chandigarh,Chandigarh,Influencer marketing agency,,,best influencer marketing agency in Chandigarh,,Commercial investigation (agency comparison) + local,No,See Chandigarh UT row (P2 candidate),"Yes (first, no alternatives yet)",,,,,No,,,Generic location CTA pair,"BlogPosting, BreadcrumbList, FAQPage",Not created,
Kochi,City,Kerala,Kochi,Influencer marketing agency,,,best influencer marketing agency in Kochi,,Commercial investigation (agency comparison) + local,No,CANDIDATE (P3): after Kerala update,"Yes (first, no alternatives yet)",,,,,No,,,Generic location CTA pair,"BlogPosting, BreadcrumbList, FAQPage",Not created,
Thiruvananthapuram,City,Kerala,Thiruvananthapuram,Influencer marketing agency,,,best influencer marketing agency in Thiruvananthapuram,,Commercial investigation (agency comparison) + local,No,NOT RECOMMENDED — INSUFFICIENT UNIQUE SEARCH / COMMERCIAL VALUE,"Yes (first, no alternatives yet)",,,,,No,,,Generic location CTA pair,"BlogPosting, BreadcrumbList, FAQPage",Not created,
Bhubaneswar,City,Odisha,Bhubaneswar,Influencer marketing agency,,,best influencer marketing agency in Bhubaneswar,,Commercial investigation (agency comparison) + local,No,NOT RECOMMENDED — INSUFFICIENT UNIQUE SEARCH / COMMERCIAL VALUE (served by Odisha guide),"Yes (first, no alternatives yet)",,,,,No,,,Generic location CTA pair,"BlogPosting, BreadcrumbList, FAQPage",Not created,
Patna,City,Bihar,Patna,Influencer marketing agency,,,best influencer marketing agency in Patna,,Commercial investigation (agency comparison) + local,No,NOT RECOMMENDED — INSUFFICIENT UNIQUE SEARCH / COMMERCIAL VALUE (served by Bihar guide),"Yes (first, no alternatives yet)",,,,,No,,,Generic location CTA pair,"BlogPosting, BreadcrumbList, FAQPage",Not created,
Ranchi,City,Jharkhand,Ranchi,Influencer marketing agency,,,best influencer marketing agency in Ranchi,,Commercial investigation (agency comparison) + local,No,NOT RECOMMENDED — INSUFFICIENT UNIQUE SEARCH / COMMERCIAL VALUE (served by Jharkhand guide),"Yes (first, no alternatives yet)",,,,,No,,,Generic location CTA pair,"BlogPosting, BreadcrumbList, FAQPage",Not created,
Guwahati,City,Assam,Guwahati,Influencer marketing agency,,,best influencer marketing agency in Guwahati,,Commercial investigation (agency comparison) + local,No,NOT RECOMMENDED — INSUFFICIENT UNIQUE SEARCH / COMMERCIAL VALUE (served by Assam guide),"Yes (first, no alternatives yet)",,,,,No,,,Generic location CTA pair,"BlogPosting, BreadcrumbList, FAQPage",Not created,
Dehradun,City,Uttarakhand,Dehradun,Influencer marketing agency,,,best influencer marketing agency in Dehradun,,Commercial investigation (agency comparison) + local,No,NOT RECOMMENDED — INSUFFICIENT UNIQUE SEARCH / COMMERCIAL VALUE (served by Uttarakhand guide),"Yes (first, no alternatives yet)",,,,,No,,,Generic location CTA pair,"BlogPosting, BreadcrumbList, FAQPage",Not created,
Amritsar,City,Punjab,Amritsar,Influencer marketing agency,,,best influencer marketing agency in Amritsar,,Commercial investigation (agency comparison) + local,No,NOT RECOMMENDED — INSUFFICIENT UNIQUE SEARCH / COMMERCIAL VALUE,"Yes (first, no alternatives yet)",,,,,No,,,Generic location CTA pair,"BlogPosting, BreadcrumbList, FAQPage",Not created,
Ludhiana,City,Punjab,Ludhiana,Influencer marketing agency,,,best influencer marketing agency in Ludhiana,,Commercial investigation (agency comparison) + local,No,NOT RECOMMENDED — INSUFFICIENT UNIQUE SEARCH / COMMERCIAL VALUE (served by Punjab guide),"Yes (first, no alternatives yet)",,,,,No,,,Generic location CTA pair,"BlogPosting, BreadcrumbList, FAQPage",Not created,
Srinagar,City,Jammu and Kashmir,Srinagar,Influencer marketing agency,,,best influencer marketing agency in Srinagar,,Commercial investigation (agency comparison) + local,No,NOT RECOMMENDED — INSUFFICIENT UNIQUE SEARCH / COMMERCIAL VALUE,"Yes (first, no alternatives yet)",,,,,No,,,Generic location CTA pair,"BlogPosting, BreadcrumbList, FAQPage",Not created,
Jammu,City,Jammu and Kashmir,Jammu,Influencer marketing agency,,,best influencer marketing agency in Jammu,,Commercial investigation (agency comparison) + local,No,NOT RECOMMENDED — INSUFFICIENT UNIQUE SEARCH / COMMERCIAL VALUE,"Yes (first, no alternatives yet)",,,,,No,,,Generic location CTA pair,"BlogPosting, BreadcrumbList, FAQPage",Not created,
Panaji,City,Goa,Panaji,Influencer marketing agency,,,best influencer marketing agency in Panaji,,Commercial investigation (agency comparison) + local,No,NOT RECOMMENDED — INSUFFICIENT UNIQUE SEARCH / COMMERCIAL VALUE (served by Goa guide),"Yes (first, no alternatives yet)",,,,,No,,,Generic location CTA pair,"BlogPosting, BreadcrumbList, FAQPage",Not created,
India,Service,,,Influencer Marketing Company,,,,,Commercial,,Same intent as 'agency' — CONSOLIDATE: target as secondary keyword on agency pages; no separate URLs,Yes,,,,,,,,,,Not created,
India,Service,,,Influencer Marketing Services,,,,,Commercial,,Existing /blog/influencer-marketing-services-india + /services; location variants NOT RECOMMENDED (same SERP as agency pages),Yes,,,,,,,,,,Not created,
India,Service,,,Creator Marketing Agency,,,,,Commercial,,Same intent — secondary keyword on agency pages,Yes,,,,,,,,,,Not created,
India,Service,,,UGC Marketing Agency,,,,,Commercial,,Owned by /services/ugc-campaigns + UGC blog posts; UGC × location NOT RECOMMENDED until search data shows local demand,Yes (UGC campaigns),,,,,,,,,,Not created,
India,Service,,,Influencer Campaign Management,,,,,Commercial,,Owned by /services/outreach-management + /blog/influencer-campaign-management; no location variants,Yes,,,,,,,,,,Not created,
India,Service,,,Creator Management (talent management),,,,,Commercial,,DO NOT CREATE — not a Kudozz service,No (Kudozz is brand-side),,,,,,,,,,Not created,
India,Service,,,Influencer Marketing Strategy / Consultancy,,,,,Commercial,,Owned by /services/campaign-strategy; no location variants,Yes (strategy),,,,,,,,,,Not created,
India,Service,,,Influencer Outreach,,,,,Commercial,,Owned by /services/outreach-management,Yes,,,,,,,,,,Not created,
India,Service,,,Creator Partnership / Ambassador,,,,,Commercial,,Owned by /services/ambassador-programs,Yes (ambassador programs),,,,,,,,,,Not created,
India,Service,,,Social Media Influencer Marketing,,,,,Commercial,,Owned by /services/social-campaigns,Yes (social campaigns),,,,,,,,,,Not created,
India,Service,,,Performance Influencer Marketing,,,,,Commercial,,DO NOT CREATE — not a standalone Kudozz service; don't claim performance-based pricing,Partly (reporting/KPI tracking),,,,,,,,,,Not created,
